body_id,layer,module,sign,input_position,superclass,type,instance,soma_side,consensus_nt,nt_confidence
10231,0,visual_projection,1,0.58,visual_projection,LT1b,LT1b_R,R,acetylcholine,0.9571200381323993
10248,0,visual_projection,1,-0.58,visual_projection,LT1a,LT1a_L,L,acetylcholine,0.9555093423517654
10251,0,visual_projection,-1,-0.58,visual_projection,MeVP53,MeVP53_L,L,gaba,0.8682032858533574
10372,0,visual_projection,1,0.58,visual_projection,LT1d,LT1d_R,R,acetylcholine,0.9683836804109089
10398,0,visual_projection,1,-0.58,visual_projection,LT1d,LT1d_L,L,acetylcholine,0.954109442450193
10445,0,visual_projection,-1,-0.58,visual_projection,LT11,LT11_L,L,gaba,0.8630910501022659
10476,0,visual_projection,-1,0.58,visual_projection,LT11,LT11_R,R,gaba,0.8650708404046287
10480,0,visual_projection,-1,0.58,visual_projection,MeVP53,MeVP53_R,R,gaba,0.8648440398125334
10579,0,visual_projection,0,-0.58,visual_projection,MeVP51,MeVP51_L,L,glutamate,0.7042463037859354
10896,0,visual_projection,0,0.58,visual_projection,MeVP51,MeVP51_R,R,glutamate,0.7222555030927383
10936,0,visual_projection,1,-0.58,visual_projection,LT61b,LT61b_L,L,acetylcholine,0.9544682190516605
11055,0,visual_projection,1,0.58,visual_projection,LT62,LT62_R,R,acetylcholine,0.9627183937891342
12957,0,visual_projection,1,0.58,visual_projection,LT61b,LT61b_R,R,acetylcholine,0.9594598274111621
14833,0,visual_projection,0,-0.58,visual_projection,LT74,LT74_L,L,glutamate,0.6780314662864024
22435,0,visual_projection,1,0.58,visual_projection,LC17,LC17_R,R,acetylcholine,0.9188488356155672
22646,0,visual_projection,1,-0.58,visual_projection,LC17,LC17_L,L,acetylcholine,0.936602223695693
24994,0,visual_projection,1,-0.58,visual_projection,LC17,LC17_L,L,acetylcholine,0.9320031327009796
25013,0,visual_projection,1,-0.58,visual_projection,LC17,LC17_L,L,acetylcholine,0.9275648074692057
25423,0,visual_projection,1,0.58,visual_projection,LC17,LC17_R,R,acetylcholine,0.9484196810263149
25648,0,visual_projection,1,0.58,visual_projection,LC17,LC17_R,R,acetylcholine,0.9442495124178061
25742,0,visual_projection,1,0.58,visual_projection,LC17,LC17_R,R,acetylcholine,0.9261897494491275
25772,0,visual_projection,1,0.58,visual_projection,LC17,LC17_R,R,acetylcholine,0.9382933385236538
26349,0,visual_projection,1,0.58,visual_projection,LC17,LC17_R,R,acetylcholine,0.9458152953393445
26448,0,visual_projection,1,-0.58,visual_projection,LC17,LC17_L,L,acetylcholine,0.9353322578051458
26808,0,visual_projection,1,0.58,visual_projection,LC17,LC17_R,R,acetylcholine,0.9385439553743353
33650,0,visual_projection,1,0.58,visual_projection,LC17,LC17_R,R,acetylcholine,0.9396794893495821
34123,0,visual_projection,1,0.58,visual_projection,LC17,LC17_R,R,acetylcholine,0.9589215456282861
38591,0,visual_projection,1,-0.58,visual_projection,LC17,LC17_L,L,acetylcholine,0.9364398332023184
103072,0,visual_projection,1,-0.58,visual_projection,LC17,LC17_L,L,acetylcholine,0.9374779754882083
517329,0,visual_projection,1,-0.58,visual_projection,LC17,LC17_L,L,acetylcholine,0.9276523328612949
517374,0,visual_projection,1,-0.58,visual_projection,LC17,LC17_L,L,acetylcholine,0.9383728259934365
526395,0,visual_projection,1,-0.58,visual_projection,LC17,LC17_L,L,acetylcholine,0.9309564419323929
10172,1,central_brain_1,-1,,cb_intrinsic,AVLP080,AVLP080_L,L,gaba,0.8235094618624758
10224,1,central_brain_1,-1,,cb_intrinsic,AVLP001,AVLP001_L,L,gaba,0.8475016143194397
10241,1,central_brain_1,-1,,cb_intrinsic,AVLP001,AVLP001_R,R,gaba,0.8573102321500594
10353,1,central_brain_1,0,,cb_intrinsic,AVLP538,AVLP538_R,R,unclear,0.3534522629601059
10364,1,central_brain_1,1,,cb_intrinsic,PVLP061,PVLP061_L,L,acetylcholine,0.9674970507899243
10421,1,central_brain_1,-1,,cb_intrinsic,AVLP079,AVLP079_L,L,gaba,0.8351833961277573
10448,1,central_brain_1,-1,,cb_intrinsic,PVLP093,PVLP093_L,L,gaba,0.8786754633545315
10609,1,central_brain_1,1,,cb_intrinsic,PVLP120,PVLP120(hb1599285725)_L,L,acetylcholine,0.9637588396038151
10644,1,central_brain_1,1,,cb_intrinsic,PLP163,PLP163_L,L,acetylcholine,0.962501395876171
10719,1,central_brain_1,-1,,cb_intrinsic,AVLP079,AVLP079_R,R,gaba,0.8009423112659673
10879,1,central_brain_1,-1,,cb_intrinsic,AVLP076,AVLP076_R,R,gaba,0.7962020416900281
10898,1,central_brain_1,0,,cb_intrinsic,AVLP476,AVLP476_R,R,dopamine,0.7098902386436916
10995,1,central_brain_1,1,,cb_intrinsic,PVLP120,PVLP120_R,R,acetylcholine,0.9665449088328063
11017,1,central_brain_1,-1,,cb_intrinsic,PVLP093,PVLP093_R,R,gaba,0.8840289538295496
11018,1,central_brain_1,1,,cb_intrinsic,AVLP258,AVLP258_L,L,acetylcholine,0.9649974273407355
11303,1,central_brain_1,0,,cb_intrinsic,PLP211,PLP211_L,L,unclear,0.4025682902497021
11367,1,central_brain_1,1,,cb_intrinsic,PVLP061,PVLP061_R,R,acetylcholine,0.9187795482387708
11507,1,central_brain_1,0,,cb_intrinsic,PLP211,PLP211_R,R,unclear,0.417853171243112
11532,1,central_brain_1,0,,cb_intrinsic,PPM1203,PPM1203_R,R,dopamine,0.7608915187042833
11601,1,central_brain_1,0,,cb_intrinsic,5-HTPLP01,5-HTPLP01_R,R,glutamate,0.5916865401792205
11654,1,central_brain_1,-1,,cb_intrinsic,AVLP077,AVLP077_R,R,gaba,0.7854012449006795
11762,1,central_brain_1,1,,cb_intrinsic,PVLP013,PVLP013_R,R,acetylcholine,0.9663174679108882
11883,1,central_brain_1,-1,,cb_intrinsic,PVLP017,PVLP017_R,R,gaba,0.837807916079281
11927,1,central_brain_1,1,,cb_intrinsic,PVLP122,PVLP122_L,L,acetylcholine,0.9676638886005774
12215,1,central_brain_1,1,,cb_intrinsic,PVLP122,PVLP122_R,R,acetylcholine,0.9639865854552393
12276,1,central_brain_1,0,,cb_intrinsic,AVLP537,AVLP537_L,L,glutamate,0.6641074719075011
12423,1,central_brain_1,0,,cb_intrinsic,AVLP536,AVLP536_R,R,glutamate,0.5909583879508601
12488,1,central_brain_1,0,,cb_intrinsic,AVLP536,AVLP536_L,L,glutamate,0.5886979963614448
13080,1,central_brain_1,0,,cb_intrinsic,AVLP537,AVLP537_R,R,glutamate,0.6288432132243077
13125,1,central_brain_1,1,,cb_intrinsic,PVLP135,PVLP135_R,R,acetylcholine,0.9723908049407488
13271,1,central_brain_1,-1,,cb_intrinsic,PVLP018,PVLP018_R,R,gaba,0.8789096748850201
13367,1,central_brain_1,1,,cb_intrinsic,PVLP135,PVLP135_R,R,acetylcholine,0.9591437677019675
14789,1,central_brain_1,1,,cb_intrinsic,PVLP070,PVLP070_R,R,acetylcholine,0.9711079014358489
15266,1,central_brain_1,1,,cb_intrinsic,PVLP070,PVLP070_R,R,acetylcholine,0.9724301008871191
21568,1,central_brain_1,-1,,cb_intrinsic,AVLP080,AVLP080_R,R,gaba,0.8228441739592474
520606,1,central_brain_1,1,,cb_intrinsic,PVLP014,PVLP014_L,L,acetylcholine,0.9550150949692606
522346,1,central_brain_1,1,,cb_intrinsic,PVLP013,PVLP013_L,L,acetylcholine,0.9295490663675477
523512,1,central_brain_1,0,,cb_intrinsic,AVLP538,AVLP538_L,L,unclear,0.3452351982657134
523528,1,central_brain_1,1,,cb_intrinsic,PVLP014,PVLP014_R,R,acetylcholine,0.9647816773212244
524521,1,central_brain_1,1,,cb_intrinsic,PLP163,PLP163_R,R,acetylcholine,0.9632431449431877
10082,2,central_brain_2,0,,cb_intrinsic,AVLP016,AVLP016_R,R,glutamate,0.5396932532982424
10098,2,central_brain_2,1,,cb_intrinsic,AVLP442,AVLP442_L,L,acetylcholine,0.9539115858099645
10115,2,central_brain_2,0,,cb_intrinsic,AVLP016,AVLP016_L,L,glutamate,0.5680680661811779
10297,2,central_brain_2,-1,,cb_intrinsic,LHAD1g1,LHAD1g1_R,R,gaba,0.8023775371779839
10329,2,central_brain_2,1,,cb_intrinsic,PVLP137,PVLP137_R,R,acetylcholine,0.9525649224825151
10494,2,central_brain_2,-1,,cb_intrinsic,AVLP076,AVLP076_L,L,gaba,0.7998197853354911
10583,2,central_brain_2,1,,cb_intrinsic,LPT60,LPT60_R,R,acetylcholine,0.937276948587496
10780,2,central_brain_2,1,,cb_intrinsic,AVLP396,AVLP396_L,L,acetylcholine,0.9625841918656945
10867,2,central_brain_2,1,,cb_intrinsic,PVLP076,PVLP076_R,R,acetylcholine,0.9581168632896625
10998,2,central_brain_2,1,,cb_intrinsic,CL213,CL213_L,L,acetylcholine,0.9190820256906147
11043,2,central_brain_2,1,,cb_intrinsic,LPT60,LPT60_L,L,acetylcholine,0.9568246264036326
11118,2,central_brain_2,1,,cb_intrinsic,PVLP137,PVLP137_L,L,acetylcholine,0.961406305554867
11125,2,central_brain_2,0,,cb_intrinsic,AVLP610,AVLP610_R,R,dopamine,0.575824372731035
11240,2,central_brain_2,1,,cb_intrinsic,AVLP435_a,AVLP435_a_L,L,acetylcholine,0.9586039204974838
11675,2,central_brain_2,1,,cb_intrinsic,CL065,CL065_R,R,acetylcholine,0.9618197626020554
11727,2,central_brain_2,1,,cb_intrinsic,AVLP258,AVLP258_R,R,acetylcholine,0.9702432629738896
12018,2,central_brain_2,1,,cb_intrinsic,AVLP435_a,AVLP435_a_R,R,acetylcholine,0.9260605721090848
12020,2,central_brain_2,1,,cb_intrinsic,AVLP592,AVLP592_L,L,acetylcholine,0.9647288544766353
12041,2,central_brain_2,1,,cb_intrinsic,AVLP396,AVLP396_R,R,acetylcholine,0.9416748726043863
12262,2,central_brain_2,1,,cb_intrinsic,CL213,CL213_R,R,acetylcholine,0.9559709647295322
12323,2,central_brain_2,1,,cb_intrinsic,PVLP115,PVLP115_R,R,acetylcholine,0.9632699039815085
12444,2,central_brain_2,1,,cb_intrinsic,AVLP592,AVLP592_R,R,acetylcholine,0.965308450937498
12507,2,central_brain_2,1,,cb_intrinsic,AVLP340,AVLP340_R,R,acetylcholine,0.9446814806430058
12525,2,central_brain_2,1,,cb_intrinsic,AVLP160,AVLP160_R,R,acetylcholine,0.9060831628875683
12769,2,central_brain_2,1,,cb_intrinsic,AVLP573,AVLP573_R,R,acetylcholine,0.961598629981591
13111,2,central_brain_2,1,,cb_intrinsic,AVLP169,AVLP169_R,R,acetylcholine,0.9250713360533466
14551,2,central_brain_2,1,,cb_intrinsic,AVLP435_b,AVLP435_b_R,R,acetylcholine,0.7288666713740851
22607,2,central_brain_2,-1,,cb_intrinsic,AVLP449,AVLP449_R,R,gaba,0.8231857929829721
23112,2,central_brain_2,1,,cb_intrinsic,PVLP074,PVLP074_R,R,acetylcholine,0.9610471262455379
31440,2,central_brain_2,1,,cb_intrinsic,AVLP442,AVLP442_R,R,acetylcholine,0.9550923370585925
47042,2,central_brain_2,1,,cb_intrinsic,PVLP115,PVLP115_L,L,acetylcholine,0.9586056671131252
520188,2,central_brain_2,0,,cb_intrinsic,AVLP610,AVLP610(hb1416796844)_L,L,dopamine,0.6029518574603135
521375,2,central_brain_2,0,,cb_intrinsic,PVLP016,PVLP016_R,R,glutamate,0.748812884491179
523385,2,central_brain_2,1,,cb_intrinsic,CL065,CL065_L,L,acetylcholine,0.9430770653089815
523672,2,central_brain_2,0,,cb_intrinsic,AVLP078,AVLP078_R,R,glutamate,0.7846618979139538
555383,2,central_brain_2,1,,cb_intrinsic,PVLP076,PVLP076_L,L,acetylcholine,0.9301798124339802
10001,3,descending_neuron,1,,descending_neuron,DNp01,DNp01(GF)_R,R,acetylcholine,0.5004955542656235
10045,3,descending_neuron,1,,descending_neuron,DNg100,DNg100_L,L,acetylcholine,0.9529439618305637
10056,3,descending_neuron,1,,descending_neuron,DNg100,DNg100_R,R,acetylcholine,0.9560235114457264
10091,3,descending_neuron,1,,descending_neuron,DNpe042,DNpe042(CL262)_L,L,acetylcholine,0.9563035114571165
10131,3,descending_neuron,-1,,descending_neuron,DNg74_a,DNg74_a_R,R,gaba,0.8857736261056552
10228,3,descending_neuron,1,,descending_neuron,DNp06,DNp06_L,L,acetylcholine,0.9495065879467789
10234,3,descending_neuron,1,,descending_neuron,DNp35,DNp35(PVLP136)_L,L,acetylcholine,0.9543729552314394
10247,3,descending_neuron,-1,,descending_neuron,DNg74_a,DNg74_a_L,L,gaba,0.8885212769546232
10274,3,descending_neuron,-1,,descending_neuron,DNg108,DNg108_L,L,gaba,0.869021166371277
10281,3,descending_neuron,-1,,descending_neuron,DNg108,DNg108_R,R,gaba,0.8561473091788495
10283,3,descending_neuron,1,,descending_neuron,DNp103,DNp103(PVLP119)_R,R,acetylcholine,0.9568302517284742
10301,3,descending_neuron,1,,descending_neuron,DNge050,DNge050_L,L,acetylcholine,0.9588424113626206
10417,3,descending_neuron,1,,descending_neuron,DNp103,DNp103(PVLP119)_L,L,acetylcholine,0.9518838304213051
10558,3,descending_neuron,1,,descending_neuron,DNp35,DNp35(PVLP136)_R,R,acetylcholine,0.9643233064380307
10580,3,descending_neuron,1,,descending_neuron,DNp70,DNp70(CL305)_L,L,acetylcholine,0.9345809268178248
10584,3,descending_neuron,1,,descending_neuron,DNp06,DNp06_R,R,acetylcholine,0.9496455095554229
10923,3,descending_neuron,0,,descending_neuron,DNg40,DNg40(hb5813056435)_R,R,glutamate,0.6188473742734429
11133,3,descending_neuron,1,,descending_neuron,DNp70,DNp70(CL305)_R,R,acetylcholine,0.9351963996485984
12587,3,descending_neuron,0,,descending_neuron,DNge004,DNge004_R,R,glutamate,0.7585217044665604
12628,3,descending_neuron,1,,descending_neuron,DNpe042,DNpe042(CL262)_R,R,acetylcholine,0.9503861713096572
12885,3,descending_neuron,1,,descending_neuron,DNpe020,DNpe020(PS133)_M,M,acetylcholine,0.9604713871864877
15306,3,descending_neuron,1,,descending_neuron,DNpe020,DNpe020(PS133)_M,M,acetylcholine,0.95491395083197
256420,3,descending_neuron,1,,descending_neuron,DNge050,DNge050_R,R,acetylcholine,0.9585682580874316
532050,3,descending_neuron,1,,descending_neuron,DNp23,DNp23_R,R,acetylcholine,0.9617469286882037
