seed,graph,method,epoch,validation_mse,residual
3100,forward,bp,1,0.500009805261336,0.0
3100,forward,bp,2,0.500030286094084,0.0
3100,forward,bp,3,0.500056680186521,0.0
3100,forward,bp,4,0.5000962444316392,0.0
3100,forward,bp,5,0.5001725133140333,0.0
3100,forward,bp,6,0.5002861091808629,0.0
3100,forward,bp,7,0.5004531361979632,0.0
3100,forward,bp,8,0.500720355403507,0.0
3100,forward,bp,9,0.5011371163699119,0.0
3100,forward,bp,10,0.5017962787507424,0.0
3100,forward,bp,11,0.5025399108398843,0.0
3100,forward,bp,12,0.5031546831601541,0.0
3100,forward,bp,13,0.5039956772961376,0.0
3100,forward,bp,14,0.5054133731948312,0.0
3100,forward,bp,15,0.5069932051769968,0.0
3100,forward,bp,16,0.5083270325001485,0.0
3100,forward,bp,17,0.509923170651882,0.0
3100,forward,bp,18,0.5117987502465795,0.0
3100,forward,bp,19,0.5141719620419529,0.0
3100,forward,bp,20,0.5155419283956822,0.0
3100,forward,pc,1,0.5000042008582211,0.0063809866632303595
3100,forward,pc,2,0.5000149910657219,0.0068873621794691585
3100,forward,pc,3,0.5000287780238257,0.007335221567894944
3100,forward,pc,4,0.500052216022521,0.007742127952083741
3100,forward,pc,5,0.5000968722681283,0.008264234637458451
3100,forward,pc,6,0.5001633345060211,0.008710285456768083
3100,forward,pc,7,0.5002538359520843,0.009100047758640985
3100,forward,pc,8,0.5004001212921104,0.009491275110359179
3100,forward,pc,9,0.5006546352392395,0.009867614045911114
3100,forward,pc,10,0.501061238517746,0.0102394542146754
3100,forward,pc,11,0.501538464726385,0.010501324127651994
3100,forward,pc,12,0.5018929305917549,0.010622956385382713
3100,forward,pc,13,0.5024686651586361,0.010890325808237808
3100,forward,pc,14,0.5033554305121715,0.011132450055366819
3100,forward,pc,15,0.5043035718835381,0.011218793874616804
3100,forward,pc,16,0.5049254070527018,0.011176292197399388
3100,forward,pc,17,0.5055714497385474,0.011299033873272019
3100,forward,pc,18,0.5061219788674554,0.011450239301568998
3100,forward,pc,19,0.5071905032171553,0.01158791448093525
3100,forward,pc,20,0.5082237141176467,0.011547447916973742
3100,forward,alm,1,0.5000046041220672,0.005610078400208372
3100,forward,alm,2,0.5000156317954002,0.00605274855440241
3100,forward,alm,3,0.5000298025024059,0.0064432597065785776
3100,forward,alm,4,0.5000544000743243,0.006796959155892519
3100,forward,alm,5,0.5001031227445285,0.007251219088265989
3100,forward,alm,6,0.5001753298558491,0.00763675719521855
3100,forward,alm,7,0.500275053894583,0.007971169641929161
3100,forward,alm,8,0.5004382769382147,0.008305336942781719
3100,forward,alm,9,0.5007236471920287,0.008625474990883016
3100,forward,alm,10,0.5011790516227157,0.008940550885112206
3100,forward,alm,11,0.5017060260918065,0.00915683983299675
3100,forward,alm,12,0.5021071023903104,0.009238166721325622
3100,forward,alm,13,0.5027503746960011,0.009458906197246571
3100,forward,alm,14,0.5037401022994368,0.009655889862559264
3100,forward,alm,15,0.5048047135628988,0.009701092509074109
3100,forward,alm,16,0.5055208250398124,0.009638238310037373
3100,forward,alm,17,0.5062894297099261,0.00971208791825738
3100,forward,alm,18,0.5069932697394499,0.009837627949676603
3100,forward,alm,19,0.5082594254085929,0.009937972235242025
3100,forward,alm,20,0.5094599381578668,0.009862592134112466
3100,full,bp,1,0.5013087832484653,0.0
3100,full,bp,2,0.50131563634997,0.0
3100,full,bp,3,0.5014000994604249,0.0
3100,full,bp,4,0.501664068014781,0.0
3100,full,bp,5,0.5019211259181395,0.0
3100,full,bp,6,0.5023418851702517,0.0
3100,full,bp,7,0.5029567170322758,0.0
3100,full,bp,8,0.5038127622831372,0.0
3100,full,bp,9,0.5049259904119571,0.0
3100,full,bp,10,0.5067754360326031,0.0
3100,full,bp,11,0.508255444992308,0.0
3100,full,bp,12,0.5094087098760808,0.0
3100,full,bp,13,0.5110137635282073,0.0
3100,full,bp,14,0.5139877773020141,0.0
3100,full,bp,15,0.5170784821130744,0.0
3100,full,bp,16,0.5190730701718913,0.0
3100,full,bp,17,0.5206931158165922,0.0
3100,full,bp,18,0.5219773001929745,0.0
3100,full,bp,19,0.5238405409505013,0.0
3100,full,bp,20,0.5239727802583968,0.0
3100,full,pc,1,0.5013724391722947,0.0063535736770343985
3100,full,pc,2,0.5015121686846539,0.00683740901078365
3100,full,pc,3,0.5017660035751725,0.007233991198175383
3100,full,pc,4,0.5022754884195715,0.007655210186812962
3100,full,pc,5,0.5027836593128003,0.008091117308516232
3100,full,pc,6,0.5035528197042165,0.008522882109226101
3100,full,pc,7,0.5046641493528115,0.00888843179718016
3100,full,pc,8,0.5060284217427877,0.009193700475568037
3100,full,pc,9,0.5074153881772823,0.009449872482807119
3100,full,pc,10,0.5096862668647985,0.009985125183664942
3100,full,pc,11,0.5109174373800757,0.010103286026770584
3100,full,pc,12,0.5120798665176448,0.010044409530151538
3100,full,pc,13,0.5139494231997754,0.010312354465559713
3100,full,pc,14,0.5166094369044126,0.010623307951347397
3100,full,pc,15,0.5197157657186156,0.010425903172183858
3100,full,pc,16,0.5221744600614995,0.010357990949656427
3100,full,pc,17,0.5240501583936792,0.010354368720693627
3100,full,pc,18,0.5256785207356663,0.01057921622832876
3100,full,pc,19,0.5278264168505391,0.010767233473199163
3100,full,pc,20,0.5295990302749536,0.010632409796019166
3100,full,alm,1,0.5013766405577786,0.0055754238582908415
3100,full,alm,2,0.501527272160224,0.00598710292759412
3100,full,alm,3,0.5017965043887426,0.006322006246755753
3100,full,alm,4,0.5023326193911599,0.006680714401998714
3100,full,alm,5,0.5028795019228143,0.007039345653414206
3100,full,alm,6,0.5037018917163029,0.007394978084105304
3100,full,alm,7,0.5048813329281916,0.007692968264102344
3100,full,alm,8,0.5063232281730818,0.00793199096574529
3100,full,alm,9,0.5078215838911645,0.008122099069231522
3100,full,alm,10,0.5102820157127425,0.00855520464459683
3100,full,alm,11,0.5116200762222551,0.008625950670303738
3100,full,alm,12,0.5129871261739422,0.008537593493162665
3100,full,alm,13,0.515149460852676,0.008745769905807067
3100,full,alm,14,0.5182141006621048,0.008968177355635027
3100,full,alm,15,0.5217171035220131,0.008718411673873673
3100,full,alm,16,0.5244407076643275,0.008635529775078771
3100,full,alm,17,0.5264001953329712,0.008558419183872623
3100,full,alm,18,0.5280120927150367,0.008717284696263155
3100,full,alm,19,0.5301369795794588,0.008820132244352942
3100,full,alm,20,0.5318357550119676,0.008669431926621568
3101,forward,bp,1,0.5000391395368385,0.0
3101,forward,bp,2,0.5000525533458784,0.0
3101,forward,bp,3,0.5000604388001126,0.0
3101,forward,bp,4,0.5000808166850276,0.0
3101,forward,bp,5,0.5001431652768119,0.0
3101,forward,bp,6,0.5001899701813858,0.0
3101,forward,bp,7,0.5002552264050755,0.0
3101,forward,bp,8,0.5004679317323991,0.0
3101,forward,bp,9,0.5008293047772476,0.0
3101,forward,bp,10,0.5013292472606461,0.0
3101,forward,bp,11,0.502158750570239,0.0
3101,forward,bp,12,0.5034743954241463,0.0
3101,forward,bp,13,0.50481706806081,0.0
3101,forward,bp,14,0.5053218179141619,0.0
3101,forward,bp,15,0.506499536276988,0.0
3101,forward,bp,16,0.5080859144394096,0.0
3101,forward,bp,17,0.5102928639198265,0.0
3101,forward,bp,18,0.5117753848434887,0.0
3101,forward,bp,19,0.514309657100977,0.0
3101,forward,bp,20,0.5167972354647008,0.0
3101,forward,pc,1,0.5000673919963534,0.005752151760753516
3101,forward,pc,2,0.5001004783516144,0.006269230305412085
3101,forward,pc,3,0.5001335302645632,0.00680580028417164
3101,forward,pc,4,0.500185323258019,0.007123410020985061
3101,forward,pc,5,0.5003007298568549,0.007712866444151398
3101,forward,pc,6,0.5004013891604577,0.008041364891769428
3101,forward,pc,7,0.5005206047777668,0.008517406783901225
3101,forward,pc,8,0.5008153466930254,0.008928144576860614
3101,forward,pc,9,0.5012761692989811,0.009311616101758088
3101,forward,pc,10,0.5018188819656433,0.00967174917286028
3101,forward,pc,11,0.5026946169793456,0.00999705619284179
3101,forward,pc,12,0.5039649471247689,0.010371266721547192
3101,forward,pc,13,0.5053595330075246,0.010607799430264754
3101,forward,pc,14,0.5064670914934754,0.010606832385848426
3101,forward,pc,15,0.5078461902057005,0.010965474911996977
3101,forward,pc,16,0.5095442930195238,0.011105495064554723
3101,forward,pc,17,0.5121876759651708,0.011153696840249343
3101,forward,pc,18,0.5142644680575634,0.011019591126874999
3101,forward,pc,19,0.517019832379982,0.011400187617005798
3101,forward,pc,20,0.5204749483645306,0.011419147203738057
3101,forward,alm,1,0.500064738213306,0.005057751814809789
3101,forward,alm,2,0.5000962009399708,0.005509986752953525
3101,forward,alm,3,0.5001268105724033,0.005978863281939098
3101,forward,alm,4,0.5001763926067451,0.00625373492562283
3101,forward,alm,5,0.5002908608519213,0.0067669940024066965
3101,forward,alm,6,0.5003929585348861,0.007050282278780395
3101,forward,alm,7,0.5005183558498053,0.007462273865943043
3101,forward,alm,8,0.5008434565875681,0.007812135767587065
3101,forward,alm,9,0.501372242205947,0.008136595675410075
3101,forward,alm,10,0.5019919416871501,0.008441228435965856
3101,forward,alm,11,0.5030045208606291,0.008716260955946445
3101,forward,alm,12,0.5044919174220336,0.009037341338576843
3101,forward,alm,13,0.5060958454171314,0.009226151846107108
3101,forward,alm,14,0.5073486751414698,0.009186429721986975
3101,forward,alm,15,0.5089184782442008,0.009500770986514319
3101,forward,alm,16,0.5108616918683528,0.00959714325201685
3101,forward,alm,17,0.5138921343850893,0.009618648860794232
3101,forward,alm,18,0.5163657066668665,0.009459282439133727
3101,forward,alm,19,0.5196608579275754,0.009784305120037815
3101,forward,alm,20,0.5238219538221358,0.009773335064277631
3101,full,bp,1,0.5000025307756136,0.0
3101,full,bp,2,0.4999878438394325,0.0
3101,full,bp,3,0.4999477943509397,0.0
3101,full,bp,4,0.4999096269659577,0.0
3101,full,bp,5,0.49986816724216176,0.0
3101,full,bp,6,0.49987366555331547,0.0
3101,full,bp,7,0.4997753991968063,0.0
3101,full,bp,8,0.4998185945054759,0.0
3101,full,bp,9,0.4999298653255773,0.0
3101,full,bp,10,0.5000456880600639,0.0
3101,full,bp,11,0.5005213700368467,0.0
3101,full,bp,12,0.501393209662687,0.0
3101,full,bp,13,0.5025666390823662,0.0
3101,full,bp,14,0.5031291160334702,0.0
3101,full,bp,15,0.5043862644339967,0.0
3101,full,bp,16,0.5059690876510066,0.0
3101,full,bp,17,0.5089905658152647,0.0
3101,full,bp,18,0.510320001562702,0.0
3101,full,bp,19,0.5123557378363112,0.0
3101,full,bp,20,0.5143517940653055,0.0
3101,full,pc,1,0.5000201648602531,0.005742544742201904
3101,full,pc,2,0.5000441449541165,0.006231781005301094
3101,full,pc,3,0.49996751816609664,0.006754850589317572
3101,full,pc,4,0.49987936662195065,0.007053469755874926
3101,full,pc,5,0.49976854279594035,0.007607228367814045
3101,full,pc,6,0.4997437341622643,0.007955324798607841
3101,full,pc,7,0.4995644043505919,0.008409493167816862
3101,full,pc,8,0.4996014963979737,0.008755855844582877
3101,full,pc,9,0.49979613965861586,0.00907096315274658
3101,full,pc,10,0.4999813377635879,0.00942037384194422
3101,full,pc,11,0.5007275852901908,0.009759826899461076
3101,full,pc,12,0.5020589710293317,0.010095193999589984
3101,full,pc,13,0.503533868665422,0.01024627408448732
3101,full,pc,14,0.5046414151885485,0.010119681572607004
3101,full,pc,15,0.5069423896848236,0.010525127418584641
3101,full,pc,16,0.5091165671547744,0.01072207324433064
3101,full,pc,17,0.5140213295070025,0.01062876911079235
3101,full,pc,18,0.5168757656063934,0.010369099377114933
3101,full,pc,19,0.5205827728023229,0.010926154585894207
3101,full,pc,20,0.5271911218262731,0.010789561168624243
3101,full,alm,1,0.5000223415712441,0.005044607963675757
3101,full,alm,2,0.5000383488877176,0.005463840849860699
3101,full,alm,3,0.4999533846086326,0.005910965695518455
3101,full,alm,4,0.4998547028240982,0.006164017251374448
3101,full,alm,5,0.49973302674664916,0.006631317995514753
3101,full,alm,6,0.49969659592595894,0.006929304386203208
3101,full,alm,7,0.499504767714804,0.007308106832312944
3101,full,alm,8,0.49952877696668696,0.0075895966565623346
3101,full,alm,9,0.4997159869938521,0.007840411340946232
3101,full,alm,10,0.4998963818016826,0.008120163906745153
3101,full,alm,11,0.5007256516586847,0.008394703052864686
3101,full,alm,12,0.5022262530314263,0.00865684041325441
3101,full,alm,13,0.5038333013047662,0.008745359339084529
3101,full,alm,14,0.5050552439803806,0.00858548059591887
3101,full,alm,15,0.5076930800420463,0.008914080932406471
3101,full,alm,16,0.5102326541670781,0.0090488300558384
3101,full,alm,17,0.5159562124880428,0.008922065351053998
3101,full,alm,18,0.5193587839116116,0.008615873821375662
3101,full,alm,19,0.5238909150639142,0.009074204787280571
3101,full,alm,20,0.5319618401131934,0.008890265622473161
3102,forward,bp,1,0.4999911282887848,0.0
3102,forward,bp,2,0.49998286603989267,0.0
3102,forward,bp,3,0.49997404811698576,0.0
3102,forward,bp,4,0.49995915774998856,0.0
3102,forward,bp,5,0.4999440813910765,0.0
3102,forward,bp,6,0.49992522055172445,0.0
3102,forward,bp,7,0.49990083408329666,0.0
3102,forward,bp,8,0.49989026798630737,0.0
3102,forward,bp,9,0.49985408861511577,0.0
3102,forward,bp,10,0.4998009899994652,0.0
3102,forward,bp,11,0.49978398116268874,0.0
3102,forward,bp,12,0.4998265644492821,0.0
3102,forward,bp,13,0.500131265752219,0.0
3102,forward,bp,14,0.5006693944623828,0.0
3102,forward,bp,15,0.5011688225537361,0.0
3102,forward,bp,16,0.5018006241550835,0.0
3102,forward,bp,17,0.5020392890196818,0.0
3102,forward,bp,18,0.5022136732969712,0.0
3102,forward,bp,19,0.502304667149552,0.0
3102,forward,bp,20,0.5031404289215232,0.0
3102,forward,pc,1,0.49999037429427157,0.005910009801657032
3102,forward,pc,2,0.4999832352599638,0.006396510195037131
3102,forward,pc,3,0.49997425927971384,0.006843677753300132
3102,forward,pc,4,0.499965431213387,0.007337203143815695
3102,forward,pc,5,0.49996224440705583,0.0077867499167319785
3102,forward,pc,6,0.4999547534828802,0.008248907241976822
3102,forward,pc,7,0.49996230067269376,0.008701964330079883
3102,forward,pc,8,0.500006676651253,0.00909447560347692
3102,forward,pc,9,0.5000345357898516,0.00947974116613506
3102,forward,pc,10,0.5000647880575397,0.009833755866169372
3102,forward,pc,11,0.5001675486961447,0.01017082598120031
3102,forward,pc,12,0.5003249301765869,0.010465773713533678
3102,forward,pc,13,0.5007404709806562,0.01070397333149448
3102,forward,pc,14,0.5012572079692824,0.010974342222666026
3102,forward,pc,15,0.5018518926033813,0.011110981015288443
3102,forward,pc,16,0.5024057054556006,0.01127715478817841
3102,forward,pc,17,0.5033750205335097,0.011345340099502773
3102,forward,pc,18,0.5041657989308083,0.01139396904649269
3102,forward,pc,19,0.505018510855095,0.011469017545632862
3102,forward,pc,20,0.5064800334895816,0.011478705253216342
3102,forward,alm,1,0.49998964423686226,0.005196752081626355
3102,forward,alm,2,0.4999823362310455,0.005622332930367727
3102,forward,alm,3,0.4999740430803067,0.006013413730424183
3102,forward,alm,4,0.49996636118128196,0.006442743975034241
3102,forward,alm,5,0.4999668294309402,0.006834067963304784
3102,forward,alm,6,0.499965854585961,0.007234895073226677
3102,forward,alm,7,0.49998511553810043,0.007625843356009127
3102,forward,alm,8,0.5000527942186297,0.007964200399152578
3102,forward,alm,9,0.5001150492026117,0.008292417515152917
3102,forward,alm,10,0.5001943218192435,0.008593134981642837
3102,forward,alm,11,0.5003724102051497,0.008871982812171542
3102,forward,alm,12,0.5006518707397658,0.009123906975343675
3102,forward,alm,13,0.5012257588803392,0.009312675767944539
3102,forward,alm,14,0.501955448725638,0.009540636647013573
3102,forward,alm,15,0.5027783004148731,0.009638405045124771
3102,forward,alm,16,0.5035381827299205,0.00975615709385585
3102,forward,alm,17,0.5047786383284831,0.00978546586891494
3102,forward,alm,18,0.5058726554046786,0.00982033033055688
3102,forward,alm,19,0.506971401375116,0.009839177183486278
3102,forward,alm,20,0.5087818131056436,0.009829946362234618
3102,full,bp,1,0.5016045023299968,0.0
3102,full,bp,2,0.5021638963689641,0.0
3102,full,bp,3,0.5028799953907158,0.0
3102,full,bp,4,0.5036107305516825,0.0
3102,full,bp,5,0.5044337592582572,0.0
3102,full,bp,6,0.5055435320174484,0.0
3102,full,bp,7,0.5067229501698423,0.0
3102,full,bp,8,0.5080751770785301,0.0
3102,full,bp,9,0.5090564723429163,0.0
3102,full,bp,10,0.5102950553375312,0.0
3102,full,bp,11,0.511604522216893,0.0
3102,full,bp,12,0.5133313097427437,0.0
3102,full,bp,13,0.5155286614316832,0.0
3102,full,bp,14,0.5178353190219829,0.0
3102,full,bp,15,0.5198682272282482,0.0
3102,full,bp,16,0.5218612602293999,0.0
3102,full,bp,17,0.5251395137822752,0.0
3102,full,bp,18,0.5264289587797565,0.0
3102,full,bp,19,0.5260907848223537,0.0
3102,full,bp,20,0.5264973218965532,0.0
3102,full,pc,1,0.5016095027434638,0.005911924237202827
3102,full,pc,2,0.5023932309409034,0.006346581127739952
3102,full,pc,3,0.5034807774360359,0.0067699103784331595
3102,full,pc,4,0.5047855494982654,0.007194236242020214
3102,full,pc,5,0.5064175486047386,0.007643700501317041
3102,full,pc,6,0.5086772201999433,0.00815763718097004
3102,full,pc,7,0.5112042029092279,0.008543679557462729
3102,full,pc,8,0.5142366852568385,0.008911107079855995
3102,full,pc,9,0.5167126055436344,0.009140846386690112
3102,full,pc,10,0.519675995176693,0.009430639040905915
3102,full,pc,11,0.5224981637807737,0.009618814206121411
3102,full,pc,12,0.5260403306936317,0.009901094886597487
3102,full,pc,13,0.5302213282941692,0.010095762769309548
3102,full,pc,14,0.5344755342590413,0.010280049613950572
3102,full,pc,15,0.538182922286448,0.01033246095526507
3102,full,pc,16,0.540939034365733,0.010409359234034058
3102,full,pc,17,0.544673664647057,0.010782600074036726
3102,full,pc,18,0.5436860827891432,0.010411865361589633
3102,full,pc,19,0.5415920183292955,0.010429601743758761
3102,full,pc,20,0.5409755768666931,0.010471471223832327
3102,full,alm,1,0.5016100808821253,0.005191168074838427
3102,full,alm,2,0.5024043561621196,0.00556119245572591
3102,full,alm,3,0.5035136399128302,0.005920882004246483
3102,full,alm,4,0.5048607615650186,0.006277853133295876
3102,full,alm,5,0.506551804327981,0.006656739550735058
3102,full,alm,6,0.5089000390625806,0.007087056868311644
3102,full,alm,7,0.511549773203452,0.007404947140556395
3102,full,alm,8,0.5147556367450195,0.007706585518310731
3102,full,alm,9,0.5174151636134791,0.007882648658743253
3102,full,alm,10,0.520595550801288,0.00810766132406231
3102,full,alm,11,0.5236284573329757,0.008236155915895951
3102,full,alm,12,0.5274372383321478,0.00845044417317652
3102,full,alm,13,0.5319298504214938,0.008585538146512852
3102,full,alm,14,0.5365751930967584,0.008708203132740778
3102,full,alm,15,0.5406008063734307,0.008712334178364731
3102,full,alm,16,0.5434535227258057,0.008740735142218821
3102,full,alm,17,0.5472750426761077,0.008998416039334788
3102,full,alm,18,0.5459291441938394,0.0086568448699408
3102,full,alm,19,0.5434173966551226,0.008607931016775962
3102,full,alm,20,0.5426415378076509,0.008590370052172173
3103,forward,bp,1,0.5000432567523798,0.0
3103,forward,bp,2,0.49997222600563296,0.0
3103,forward,bp,3,0.4998913815078657,0.0
3103,forward,bp,4,0.4998275034880316,0.0
3103,forward,bp,5,0.4997214276578241,0.0
3103,forward,bp,6,0.4996068581089809,0.0
3103,forward,bp,7,0.4994215109329524,0.0
3103,forward,bp,8,0.499194279208615,0.0
3103,forward,bp,9,0.49890670712875007,0.0
3103,forward,bp,10,0.4985590707480996,0.0
3103,forward,bp,11,0.4981792796381986,0.0
3103,forward,bp,12,0.49757798056261915,0.0
3103,forward,bp,13,0.4968941302443943,0.0
3103,forward,bp,14,0.49630472259590974,0.0
3103,forward,bp,15,0.49551520665326865,0.0
3103,forward,bp,16,0.49447919523182454,0.0
3103,forward,bp,17,0.4934282232070564,0.0
3103,forward,bp,18,0.49241772888436913,0.0
3103,forward,bp,19,0.4918623607369595,0.0
3103,forward,bp,20,0.49107544852627594,0.0
3103,forward,pc,1,0.5000865090998627,0.00621072600838798
3103,forward,pc,2,0.500030083765217,0.006671760955395265
3103,forward,pc,3,0.499933262065042,0.007155557957726138
3103,forward,pc,4,0.4998417496897511,0.007619887650662505
3103,forward,pc,5,0.49968723299338813,0.008073071794478099
3103,forward,pc,6,0.49949967518824895,0.008504376391750086
3103,forward,pc,7,0.4992144098911337,0.008917360934038502
3103,forward,pc,8,0.4988881843849704,0.0093158162816218
3103,forward,pc,9,0.4985293481996837,0.009687745817108833
3103,forward,pc,10,0.49813573568203207,0.010013263687832875
3103,forward,pc,11,0.49769240106618373,0.01032531136073273
3103,forward,pc,12,0.4971458544801143,0.01067183849794915
3103,forward,pc,13,0.49656115481654284,0.010891136435218357
3103,forward,pc,14,0.4960340856053361,0.011038843631630754
3103,forward,pc,15,0.49550502640063004,0.011267593474325172
3103,forward,pc,16,0.49492740474985875,0.011280534811976422
3103,forward,pc,17,0.494802475991214,0.011316652735824353
3103,forward,pc,18,0.49481835904133686,0.011594399488120426
3103,forward,pc,19,0.4956900905502412,0.011488118201658107
3103,forward,pc,20,0.4965785016276863,0.011420555386414162
3103,forward,alm,1,0.5000842411039537,0.005457822801692489
3103,forward,alm,2,0.5000270224290546,0.005859546880455443
3103,forward,alm,3,0.49992616782395277,0.006279430493787923
3103,forward,alm,4,0.49982659431313736,0.006681901799477676
3103,forward,alm,5,0.49965682824465707,0.007074044093681509
3103,forward,alm,6,0.4994491583701799,0.007445414555330225
3103,forward,alm,7,0.49913068053402865,0.007796698420381032
3103,forward,alm,8,0.4987668076434371,0.008135846742262984
3103,forward,alm,9,0.4983712429036644,0.00845124579801992
3103,forward,alm,10,0.49793790347528977,0.008720419544746201
3103,forward,alm,11,0.4974476210745783,0.00897587863443818
3103,forward,alm,12,0.4968689482153237,0.009265996009590431
3103,forward,alm,13,0.4962545039376544,0.009432281480147629
3103,forward,alm,14,0.4957243116980073,0.009540273574491432
3103,forward,alm,15,0.4952323893730742,0.009710928889823632
3103,forward,alm,16,0.4947488635168567,0.009690754990581259
3103,forward,alm,17,0.4948355881666005,0.009699489841695625
3103,forward,alm,18,0.4951302575844895,0.009905990941210722
3103,forward,alm,19,0.4964173028189789,0.009789047039519508
3103,forward,alm,20,0.49775351253497846,0.009689016318690612
3103,full,bp,1,0.49994838477668685,0.0
3103,full,bp,2,0.49954765419706343,0.0
3103,full,bp,3,0.4991555297450253,0.0
3103,full,bp,4,0.4988776502246673,0.0
3103,full,bp,5,0.4984736394373089,0.0
3103,full,bp,6,0.4980895649758247,0.0
3103,full,bp,7,0.4975368355738643,0.0
3103,full,bp,8,0.49689963700409506,0.0
3103,full,bp,9,0.49614341155456143,0.0
3103,full,bp,10,0.49527472561958974,0.0
3103,full,bp,11,0.4944365090980669,0.0
3103,full,bp,12,0.49284766802333896,0.0
3103,full,bp,13,0.49130693424734634,0.0
3103,full,bp,14,0.49015439366641256,0.0
3103,full,bp,15,0.48879949746212337,0.0
3103,full,bp,16,0.4870593333479355,0.0
3103,full,bp,17,0.4852419789233627,0.0
3103,full,bp,18,0.4837913285550485,0.0
3103,full,bp,19,0.48351695935424754,0.0
3103,full,bp,20,0.48239546429879127,0.0
3103,full,pc,1,0.5002153661490815,0.006195904760071355
3103,full,pc,2,0.49979236923553755,0.0066407771978716475
3103,full,pc,3,0.4992982108054619,0.007107090670283758
3103,full,pc,4,0.4989281329886864,0.00752301871882056
3103,full,pc,5,0.49837949788548386,0.007958268987374943
3103,full,pc,6,0.49783038160488957,0.008346711348455424
3103,full,pc,7,0.49708361801805356,0.008718694649540339
3103,full,pc,8,0.49633865333548466,0.009075849112549663
3103,full,pc,9,0.4954339159373537,0.009413765164447715
3103,full,pc,10,0.49449355666479194,0.009680285674552126
3103,full,pc,11,0.4936803534597137,0.009929145517103615
3103,full,pc,12,0.49248011007719994,0.010299130645572531
3103,full,pc,13,0.49120129890685643,0.010408280429918195
3103,full,pc,14,0.4905539713007788,0.010414336013762838
3103,full,pc,15,0.48990370910120795,0.010562489075375978
3103,full,pc,16,0.4891528394189097,0.010683330497110231
3103,full,pc,17,0.48857682118064205,0.01068715252194169
3103,full,pc,18,0.48787899813628244,0.010740694604480114
3103,full,pc,19,0.4885680413434618,0.010536236397917878
3103,full,pc,20,0.4890259927533909,0.010598015540758362
3103,full,alm,1,0.5002239738070893,0.005432328298854378
3103,full,alm,2,0.4997952301662236,0.005810764919900068
3103,full,alm,3,0.4992868728840184,0.006205807253431644
3103,full,alm,4,0.4988991949798519,0.006554110411847846
3103,full,alm,5,0.498323126512708,0.006915219814422612
3103,full,alm,6,0.49774812231523347,0.007232519524841348
3103,full,alm,7,0.4969704485787888,0.007532392563072222
3103,full,alm,8,0.496193169735783,0.007815130334197439
3103,full,alm,9,0.49527432155653667,0.008076906228818645
3103,full,alm,10,0.49432484408810057,0.008272303311968853
3103,full,alm,11,0.49351489186652586,0.008449367669534795
3103,full,alm,12,0.49235345923504387,0.008733572811157603
3103,full,alm,13,0.4911068871583779,0.008775999742822728
3103,full,alm,14,0.49055571709891116,0.008721443154670787
3103,full,alm,15,0.49009015591733124,0.008800871832919624
3103,full,alm,16,0.4895418915449705,0.008840408943297762
3103,full,alm,17,0.48915756978429703,0.008776430018791173
3103,full,alm,18,0.4887603544516284,0.008776680361718161
3103,full,alm,19,0.4900194059611148,0.00854745279546607
3103,full,alm,20,0.49119524635293343,0.008515776326440239
3104,forward,bp,1,0.5000401259511197,0.0
3104,forward,bp,2,0.499991619096835,0.0
3104,forward,bp,3,0.4999125705016154,0.0
3104,forward,bp,4,0.4997786284042956,0.0
3104,forward,bp,5,0.49957257470198446,0.0
3104,forward,bp,6,0.49930085512023775,0.0
3104,forward,bp,7,0.49885427014463946,0.0
3104,forward,bp,8,0.4982366083570721,0.0
3104,forward,bp,9,0.49745155889119963,0.0
3104,forward,bp,10,0.496512286459435,0.0
3104,forward,bp,11,0.49537766308993997,0.0
3104,forward,bp,12,0.49441132530092763,0.0
3104,forward,bp,13,0.4940371064565011,0.0
3104,forward,bp,14,0.4954251389747178,0.0
3104,forward,bp,15,0.49777442613388145,0.0
3104,forward,bp,16,0.49936821509449736,0.0
3104,forward,bp,17,0.5026403126668297,0.0
3104,forward,bp,18,0.5037075970392733,0.0
3104,forward,bp,19,0.5031831744100466,0.0
3104,forward,bp,20,0.5036188961439796,0.0
3104,forward,pc,1,0.5000201979674932,0.005728506717619054
3104,forward,pc,2,0.49994095973214414,0.00654219083726595
3104,forward,pc,3,0.49980734520177666,0.006608944743108823
3104,forward,pc,4,0.4995807082539662,0.007172952748861434
3104,forward,pc,5,0.49925223319715023,0.007676384607623866
3104,forward,pc,6,0.49879902524882,0.007915089758631966
3104,forward,pc,7,0.4981218645028333,0.00858971681670856
3104,forward,pc,8,0.4972506179195073,0.008950321450102843
3104,forward,pc,9,0.4962047474372946,0.009393530328068209
3104,forward,pc,10,0.4949032753244327,0.009708011488933481
3104,forward,pc,11,0.4932268005335384,0.009987609739309447
3104,forward,pc,12,0.4915111121510317,0.0103735479006488
3104,forward,pc,13,0.48994179198272814,0.010750825277116599
3104,forward,pc,14,0.48910667736196745,0.010922949266268238
3104,forward,pc,15,0.4889971654033678,0.010945780479704558
3104,forward,pc,16,0.48907894541201324,0.010756434831123185
3104,forward,pc,17,0.49086729126606937,0.01228971140774602
3104,forward,pc,18,0.49270109113313776,0.011114177401281735
3104,forward,pc,19,0.49387632134294107,0.011042043054400156
3104,forward,pc,20,0.49537470036141285,0.011807785322996788
3104,forward,alm,1,0.5000182252519679,0.005034404567488709
3104,forward,alm,2,0.49993364399755413,0.005747424342998303
3104,forward,alm,3,0.49978855585788373,0.005802032290670139
3104,forward,alm,4,0.4995410099290051,0.006293423597712644
3104,forward,alm,5,0.49918162355152274,0.006730027986133695
3104,forward,alm,6,0.49869029913015217,0.006930420200542077
3104,forward,alm,7,0.4979626986779685,0.007517855208457399
3104,forward,alm,8,0.49702447998719124,0.00782175962105816
3104,forward,alm,9,0.495905737784364,0.008201378157868196
3104,forward,alm,10,0.49452502252335784,0.008461548018743588
3104,forward,alm,11,0.4927765157544024,0.008684817493361854
3104,forward,alm,12,0.4910398066880502,0.009014893425987821
3104,forward,alm,13,0.48952306231802967,0.009329867502562329
3104,forward,alm,14,0.48886711157500473,0.009453511777817081
3104,forward,alm,15,0.48901559309579185,0.009441897781183805
3104,forward,alm,16,0.4894088078257983,0.009241440293941992
3104,forward,alm,17,0.4917066589950661,0.010606644821776952
3104,forward,alm,18,0.493821278845781,0.009482840784843943
3104,forward,alm,19,0.49510388904928626,0.009434269879007948
3104,forward,alm,20,0.49672237653543505,0.01004450523619177
3104,full,bp,1,0.49890990056099044,0.0
3104,full,bp,2,0.49872261987997407,0.0
3104,full,bp,3,0.4984087778591754,0.0
3104,full,bp,4,0.49791732361319624,0.0
3104,full,bp,5,0.49726804586695283,0.0
3104,full,bp,6,0.4964821309852293,0.0
3104,full,bp,7,0.4951870250778106,0.0
3104,full,bp,8,0.4936370297811191,0.0
3104,full,bp,9,0.4923216215475094,0.0
3104,full,bp,10,0.4914632632196309,0.0
3104,full,bp,11,0.49220197297168966,0.0
3104,full,bp,12,0.49514000048187645,0.0
3104,full,bp,13,0.4985269527420728,0.0
3104,full,bp,14,0.5024401379842894,0.0
3104,full,bp,15,0.5014730930571336,0.0
3104,full,bp,16,0.4977008878167495,0.0
3104,full,bp,17,0.49864028908398883,0.0
3104,full,bp,18,0.4981718602870606,0.0
3104,full,bp,19,0.4974230125517859,0.0
3104,full,bp,20,0.4982204085297046,0.0
3104,full,pc,1,0.4987335403387669,0.005696493200826568
3104,full,pc,2,0.4984718140671506,0.0064868759438588
3104,full,pc,3,0.4981272713100723,0.006546613791059606
3104,full,pc,4,0.49761926369042736,0.007072850814755025
3104,full,pc,5,0.4970472588535958,0.007536746815460919
3104,full,pc,6,0.4963956302106891,0.007766597517598732
3104,full,pc,7,0.495458958914229,0.008384231504019304
3104,full,pc,8,0.494337846692416,0.008684108354801
3104,full,pc,9,0.49351168711173804,0.009037544804123731
3104,full,pc,10,0.49267545554198433,0.009281153947936433
3104,full,pc,11,0.4922338329678975,0.00956552079631003
3104,full,pc,12,0.4925178992440564,0.009795321119109164
3104,full,pc,13,0.4933233725059769,0.010168264806066085
3104,full,pc,14,0.49553165118286985,0.010551160478003982
3104,full,pc,15,0.49737545856289167,0.01070626127504812
3104,full,pc,16,0.49675942631018993,0.00985917718449039
3104,full,pc,17,0.4985784759920279,0.011899052394568213
3104,full,pc,18,0.49882312768803705,0.010531219634901254
3104,full,pc,19,0.49763086708876414,0.01020855940590568
3104,full,pc,20,0.49738585779342515,0.011145549637934604
3104,full,alm,1,0.49873241293485354,0.004999893746129767
3104,full,alm,2,0.4984637781392242,0.005683946701727845
3104,full,alm,3,0.49811381968885143,0.005727412088578768
3104,full,alm,4,0.49759421411541094,0.006176277645763425
3104,full,alm,5,0.49700560574340885,0.006568545696446923
3104,full,alm,6,0.49633925845474314,0.00675534517219728
3104,full,alm,7,0.4953811575943361,0.007275387952981574
3104,full,alm,8,0.4942508272155599,0.007514578636236617
3104,full,alm,9,0.4934405749265622,0.007796858917709494
3104,full,alm,10,0.4926345340392174,0.007982675700385612
3104,full,alm,11,0.4922693106051803,0.008200751140275003
3104,full,alm,12,0.49265642578104274,0.00836569117817329
3104,full,alm,13,0.4935700465924526,0.008656201676589393
3104,full,alm,14,0.4959104753995737,0.008951307981215864
3104,full,alm,15,0.49774550210346075,0.009042775634177283
3104,full,alm,16,0.4969471462970999,0.008274436453534671
3104,full,alm,17,0.49882703332106726,0.009974653020434755
3104,full,alm,18,0.4989706503679319,0.008752142041823303
3104,full,alm,19,0.49742386608009687,0.008440159617221782
3104,full,alm,20,0.49706749441329,0.00920121672769713
3105,forward,bp,1,0.49998319609162056,0.0
3105,forward,bp,2,0.4999573939472066,0.0
3105,forward,bp,3,0.49999096823146194,0.0
3105,forward,bp,4,0.49999750249394803,0.0
3105,forward,bp,5,0.5000015708750437,0.0
3105,forward,bp,6,0.49999865923963527,0.0
3105,forward,bp,7,0.499990044053274,0.0
3105,forward,bp,8,0.5000042466279866,0.0
3105,forward,bp,9,0.5000419317318869,0.0
3105,forward,bp,10,0.5000581438631255,0.0
3105,forward,bp,11,0.500132061327192,0.0
3105,forward,bp,12,0.500132220256922,0.0
3105,forward,bp,13,0.5001599006905395,0.0
3105,forward,bp,14,0.5002524027555051,0.0
3105,forward,bp,15,0.500431331603129,0.0
3105,forward,bp,16,0.5007128201197503,0.0
3105,forward,bp,17,0.5010148476879963,0.0
3105,forward,bp,18,0.5013786851999152,0.0
3105,forward,bp,19,0.5018918459994675,0.0
3105,forward,bp,20,0.5025221434333165,0.0
3105,forward,pc,1,0.4999602957308308,0.005782605312180622
3105,forward,pc,2,0.49993652052493576,0.006159194888616346
3105,forward,pc,3,0.49998689619138514,0.0066015091404164165
3105,forward,pc,4,0.5000152899417342,0.00711556028934711
3105,forward,pc,5,0.5000476130615684,0.007584249267054121
3105,forward,pc,6,0.5000847199802075,0.00798673449089592
3105,forward,pc,7,0.5001278223836623,0.008450657977213975
3105,forward,pc,8,0.5002301882831968,0.008882915398345452
3105,forward,pc,9,0.5003883880113198,0.009260360220984509
3105,forward,pc,10,0.5005192022965167,0.009535455024815153
3105,forward,pc,11,0.500875021315326,0.009947619553401581
3105,forward,pc,12,0.501159713419487,0.010179946615821429
3105,forward,pc,13,0.5016960646132148,0.01047641174559472
3105,forward,pc,14,0.502406417007816,0.010552290210231395
3105,forward,pc,15,0.5035169914635673,0.010722447069329719
3105,forward,pc,16,0.5050504805032288,0.011219873470205323
3105,forward,pc,17,0.5065203721689474,0.011071854625431412
3105,forward,pc,18,0.5079938618831379,0.011058042264095125
3105,forward,pc,19,0.5100161534209389,0.011330881941306048
3105,forward,pc,20,0.5110021522464094,0.011621151742418408
3105,forward,alm,1,0.49995971573693077,0.005082770671435255
3105,forward,alm,2,0.499936876489752,0.0054110889566901955
3105,forward,alm,3,0.4999902071586721,0.005796216559924107
3105,forward,alm,4,0.50002126984396,0.00624326548702193
3105,forward,alm,5,0.5000558120633515,0.006648945179995098
3105,forward,alm,6,0.5000973301031197,0.0069975402424490366
3105,forward,alm,7,0.5001435019464548,0.007397294252953918
3105,forward,alm,8,0.5002588800487284,0.007766979504359677
3105,forward,alm,9,0.50044449239687,0.00808491740091423
3105,forward,alm,10,0.5006046303454723,0.00830623709594673
3105,forward,alm,11,0.5010549834956314,0.00865803800991696
3105,forward,alm,12,0.5014310431163287,0.008834284449156172
3105,forward,alm,13,0.5021520020912924,0.009074601170333213
3105,forward,alm,14,0.5031250163691872,0.009099367631109951
3105,forward,alm,15,0.5045856333963331,0.00921517185586434
3105,forward,alm,16,0.5065706650550819,0.00965718293439446
3105,forward,alm,17,0.5083546719864687,0.009471223981456844
3105,forward,alm,18,0.5100189408912104,0.0094216242607815
3105,forward,alm,19,0.5123088655074253,0.00963696675548341
3105,forward,alm,20,0.5130969039293891,0.009855479713042214
3105,full,bp,1,0.5005272834750705,0.0
3105,full,bp,2,0.5003781773824881,0.0
3105,full,bp,3,0.500413117201634,0.0
3105,full,bp,4,0.5003725505836673,0.0
3105,full,bp,5,0.5003662821767139,0.0
3105,full,bp,6,0.5003779345979331,0.0
3105,full,bp,7,0.5003979569887129,0.0
3105,full,bp,8,0.5004374756634692,0.0
3105,full,bp,9,0.5005129616697668,0.0
3105,full,bp,10,0.5005707180882641,0.0
3105,full,bp,11,0.5007165488857946,0.0
3105,full,bp,12,0.5008197193536637,0.0
3105,full,bp,13,0.5010107202290519,0.0
3105,full,bp,14,0.5013410952123469,0.0
3105,full,bp,15,0.5019319902720867,0.0
3105,full,bp,16,0.5028839656821246,0.0
3105,full,bp,17,0.5041155916945941,0.0
3105,full,bp,18,0.5056125095161003,0.0
3105,full,bp,19,0.5076188557499284,0.0
3105,full,bp,20,0.5090572511326621,0.0
3105,full,pc,1,0.5005526121847226,0.005776160619117752
3105,full,pc,2,0.5005326805923067,0.006133611685045348
3105,full,pc,3,0.5006821240042001,0.006550956706936848
3105,full,pc,4,0.5007248696714455,0.007049347300218349
3105,full,pc,5,0.5008227622131745,0.0075071673323051265
3105,full,pc,6,0.5009290765958887,0.00789929396188336
3105,full,pc,7,0.5010493246212652,0.008346874032285099
3105,full,pc,8,0.5012069959350302,0.008744157130768579
3105,full,pc,9,0.501431683575237,0.00908773949636838
3105,full,pc,10,0.5016357328539482,0.009406499770574669
3105,full,pc,11,0.5019841673624065,0.009728047197267038
3105,full,pc,12,0.5021734355531066,0.009992447658586328
3105,full,pc,13,0.502494059196503,0.010265931159186335
3105,full,pc,14,0.5030477444416608,0.010477900637225536
3105,full,pc,15,0.5037175103561443,0.010616653419359863
3105,full,pc,16,0.5045224589026616,0.010742760769074804
3105,full,pc,17,0.5056351152113279,0.010816485392601912
3105,full,pc,18,0.5070409507368003,0.01085590541904491
3105,full,pc,19,0.5086587980101664,0.010892984940420822
3105,full,pc,20,0.5109417701273946,0.010955307751322804
3105,full,alm,1,0.5005562813685528,0.005069972055314833
3105,full,alm,2,0.5005361863210718,0.005372817133482956
3105,full,alm,3,0.5006926580908706,0.005726581688536833
3105,full,alm,4,0.5007358223378118,0.006148892432313632
3105,full,alm,5,0.5008364370610465,0.006534271430743337
3105,full,alm,6,0.5009498423651836,0.006861650214651742
3105,full,alm,7,0.501079927354438,0.0072345590129004505
3105,full,alm,8,0.5012487574417315,0.007559843948980476
3105,full,alm,9,0.5014883924708127,0.007835977400319546
3105,full,alm,10,0.5017095387204492,0.008084683397944381
3105,full,alm,11,0.5021003845057258,0.00833937073379178
3105,full,alm,12,0.5023157892859539,0.008532065285380716
3105,full,alm,13,0.5027034974504365,0.008737828473071259
3105,full,alm,14,0.5033866874963715,0.00887370477020404
3105,full,alm,15,0.5042283227069257,0.008950722057146877
3105,full,alm,16,0.5053174612590112,0.009035392262559996
3105,full,alm,17,0.5067975479585444,0.009034791787315553
3105,full,alm,18,0.5086239764808108,0.009007987453878463
3105,full,alm,19,0.5107551703394915,0.008992227122517233
3105,full,alm,20,0.5135993919065861,0.00899603633110806
3106,forward,bp,1,0.5003005961005348,0.0
3106,forward,bp,2,0.5003258572266955,0.0
3106,forward,bp,3,0.5004135029550874,0.0
3106,forward,bp,4,0.5005775721553202,0.0
3106,forward,bp,5,0.5007657590049819,0.0
3106,forward,bp,6,0.5009538334371311,0.0
3106,forward,bp,7,0.5012841155926627,0.0
3106,forward,bp,8,0.5017082567467712,0.0
3106,forward,bp,9,0.5022666535838105,0.0
3106,forward,bp,10,0.5030968409641803,0.0
3106,forward,bp,11,0.504125086650149,0.0
3106,forward,bp,12,0.5054013878552659,0.0
3106,forward,bp,13,0.5071706243254318,0.0
3106,forward,bp,14,0.5095340326082772,0.0
3106,forward,bp,15,0.5121615219858642,0.0
3106,forward,bp,16,0.5155367269817596,0.0
3106,forward,bp,17,0.5173367162585445,0.0
3106,forward,bp,18,0.5208353120784459,0.0
3106,forward,bp,19,0.5221169749900028,0.0
3106,forward,bp,20,0.5242283294967899,0.0
3106,forward,pc,1,0.5003315101919252,0.006535206900655672
3106,forward,pc,2,0.5004297999417564,0.006998086474744536
3106,forward,pc,3,0.5006215435060197,0.007480363694291183
3106,forward,pc,4,0.5009412441894945,0.007919475955799804
3106,forward,pc,5,0.50132050920266,0.008359255946930011
3106,forward,pc,6,0.5017618402433588,0.008720702493448612
3106,forward,pc,7,0.5024441603587343,0.009135663222057742
3106,forward,pc,8,0.5033679413193164,0.009556145075168774
3106,forward,pc,9,0.5045260697546956,0.009845302053404201
3106,forward,pc,10,0.5061255248971667,0.010205455528285216
3106,forward,pc,11,0.5080240810548713,0.01045217410191506
3106,forward,pc,12,0.5101005814339468,0.01072985382901985
3106,forward,pc,13,0.5128069357210052,0.01092014565980081
3106,forward,pc,14,0.5160653625301495,0.011122180915788094
3106,forward,pc,15,0.5195868665024935,0.011467890697545186
3106,forward,pc,16,0.523402334488889,0.011458285179316949
3106,forward,pc,17,0.5256645781224948,0.011013138608020811
3106,forward,pc,18,0.5294358596104038,0.011543141444615445
3106,forward,pc,19,0.5309703640540371,0.011565230973646198
3106,forward,pc,20,0.5319073952250616,0.011772155145785312
3106,forward,alm,1,0.5003380715175669,0.005740817781541828
3106,forward,alm,2,0.5004451586482423,0.006143552983950629
3106,forward,alm,3,0.5006512409032012,0.006562830184408655
3106,forward,alm,4,0.5009940409805955,0.006943622027322324
3106,forward,alm,5,0.501405237121794,0.007321535116844861
3106,forward,alm,6,0.5018891867407036,0.007634359361451953
3106,forward,alm,7,0.5026276590400773,0.007987718946327023
3106,forward,alm,8,0.5036306963284563,0.00835024739673391
3106,forward,alm,9,0.5048894123781857,0.00858853378613977
3106,forward,alm,10,0.5066290341618473,0.008898112801082934
3106,forward,alm,11,0.5086944835287144,0.009086869703252374
3106,forward,alm,12,0.5109443851507882,0.00931025078260947
3106,forward,alm,13,0.5138491362434694,0.009472961338221012
3106,forward,alm,14,0.5173543092335748,0.009646012707029968
3106,forward,alm,15,0.5211048281047344,0.00989178398623043
3106,forward,alm,16,0.5251918513092226,0.009863450019612962
3106,forward,alm,17,0.5275820514781734,0.009451753311860406
3106,forward,alm,18,0.5314923085856609,0.009874492223704708
3106,forward,alm,19,0.5326280783208576,0.009870042220366868
3106,forward,alm,20,0.5330366970792293,0.010085370081288271
3106,full,bp,1,0.5026523151788495,0.0
3106,full,bp,2,0.5024837540653041,0.0
3106,full,bp,3,0.5027017161754745,0.0
3106,full,bp,4,0.5030287878365337,0.0
3106,full,bp,5,0.5033105634823901,0.0
3106,full,bp,6,0.5036054254272906,0.0
3106,full,bp,7,0.5041731384571624,0.0
3106,full,bp,8,0.5048648453447302,0.0
3106,full,bp,9,0.5057807386004332,0.0
3106,full,bp,10,0.5073507856488191,0.0
3106,full,bp,11,0.5092971641594576,0.0
3106,full,bp,12,0.5119374186413754,0.0
3106,full,bp,13,0.5154096879749024,0.0
3106,full,bp,14,0.5205006184958283,0.0
3106,full,bp,15,0.5250889323529153,0.0
3106,full,bp,16,0.531115288284393,0.0
3106,full,bp,17,0.5310602835643508,0.0
3106,full,bp,18,0.5336426372928689,0.0
3106,full,bp,19,0.5304612505690568,0.0
3106,full,bp,20,0.5311748036342501,0.0
3106,full,pc,1,0.5026914608154405,0.006531421407835919
3106,full,pc,2,0.5027994771817139,0.00693339613170955
3106,full,pc,3,0.5032765172531394,0.007430010295671149
3106,full,pc,4,0.5038861056405995,0.007844490972663787
3106,full,pc,5,0.5044285019599596,0.008221213987662757
3106,full,pc,6,0.5050361363141848,0.008582750657841138
3106,full,pc,7,0.5059615492602614,0.008969059515869328
3106,full,pc,8,0.5071003270462149,0.009332206627825926
3106,full,pc,9,0.5083788652854724,0.009548244479734966
3106,full,pc,10,0.5103958059058135,0.009947669029338151
3106,full,pc,11,0.5125032389550259,0.010032191157956484
3106,full,pc,12,0.5152162608901103,0.010402823203843585
3106,full,pc,13,0.5186384064394302,0.01043578816334414
3106,full,pc,14,0.5229025491287533,0.010625602916297924
3106,full,pc,15,0.5274026972237147,0.010750930533711962
3106,full,pc,16,0.5322730522745358,0.010935846329083858
3106,full,pc,17,0.5347222918042772,0.010441792539409071
3106,full,pc,18,0.5387494794742432,0.010629225705233118
3106,full,pc,19,0.5382475227718071,0.010626786873975648
3106,full,pc,20,0.5379660428846087,0.010679993030550592
3106,full,alm,1,0.5027132041953577,0.005733536914673937
3106,full,alm,2,0.5028461666800507,0.006072560919610392
3106,full,alm,3,0.5033542807676066,0.006493375990011842
3106,full,alm,4,0.5040042185545714,0.006841107794100929
3106,full,alm,5,0.5045921565170102,0.007150838248417403
3106,full,alm,6,0.505257532356181,0.007451111567909109
3106,full,alm,7,0.5062583261352667,0.00776379604910329
3106,full,alm,8,0.5074903631755854,0.008054791771194189
3106,full,alm,9,0.5088959415977079,0.008212789036403071
3106,full,alm,10,0.5111059525469825,0.008538678873912386
3106,full,alm,11,0.5134575635506304,0.008557001074656827
3106,full,alm,12,0.516547275364829,0.008839578449815864
3106,full,alm,13,0.5204398992883177,0.008836587262278504
3106,full,alm,14,0.5252727101677799,0.008973120904361724
3106,full,alm,15,0.5301514259108802,0.008981286964659543
3106,full,alm,16,0.5352224205068253,0.009092032916721506
3106,full,alm,17,0.537461431865728,0.008611144293710552
3106,full,alm,18,0.541421602210979,0.008685962902091107
3106,full,alm,19,0.5401768579200181,0.008622854159355051
3106,full,alm,20,0.5396529533307752,0.008684973584211221
3107,forward,bp,1,0.5000088680917969,0.0
3107,forward,bp,2,0.49998659861774586,0.0
3107,forward,bp,3,0.49995442893719816,0.0
3107,forward,bp,4,0.49992533785399085,0.0
3107,forward,bp,5,0.49986439899053814,0.0
3107,forward,bp,6,0.4997641287814653,0.0
3107,forward,bp,7,0.4996157301205799,0.0
3107,forward,bp,8,0.4994403495170058,0.0
3107,forward,bp,9,0.4991484504988265,0.0
3107,forward,bp,10,0.49869241350447063,0.0
3107,forward,bp,11,0.498144839111191,0.0
3107,forward,bp,12,0.4973687271792349,0.0
3107,forward,bp,13,0.49642657821029884,0.0
3107,forward,bp,14,0.4956438771621472,0.0
3107,forward,bp,15,0.4948252973615026,0.0
3107,forward,bp,16,0.4944291157429003,0.0
3107,forward,bp,17,0.49442514410197,0.0
3107,forward,bp,18,0.49462426081555,0.0
3107,forward,bp,19,0.49554674358114364,0.0
3107,forward,bp,20,0.4957798965378828,0.0
3107,forward,pc,1,0.5000167869544333,0.005718933755028826
3107,forward,pc,2,0.49999767408034557,0.006291382565071552
3107,forward,pc,3,0.49996811071364944,0.006527492879142236
3107,forward,pc,4,0.4999415764400599,0.006962048146029043
3107,forward,pc,5,0.499892364743923,0.007448767190176833
3107,forward,pc,6,0.4997983929751905,0.007876813492478395
3107,forward,pc,7,0.4996559107834476,0.008343639595038008
3107,forward,pc,8,0.49949955582551364,0.008783191300007653
3107,forward,pc,9,0.49927326285263846,0.009272390413725228
3107,forward,pc,10,0.4989156805614837,0.009557424490418426
3107,forward,pc,11,0.4985115536777198,0.009958164303412259
3107,forward,pc,12,0.49788026677861114,0.010294055361154393
3107,forward,pc,13,0.49710820954933344,0.010627324895379731
3107,forward,pc,14,0.49638682708583803,0.010815500461953419
3107,forward,pc,15,0.4955479049318511,0.011117174137885119
3107,forward,pc,16,0.4949746007523019,0.011178027861518138
3107,forward,pc,17,0.49444464050703735,0.011208822957425476
3107,forward,pc,18,0.4941902820882135,0.011085955611294178
3107,forward,pc,19,0.49399576714759713,0.01163532015166735
3107,forward,pc,20,0.4942012446533884,0.01113947056946102
3107,forward,alm,1,0.5000174043395851,0.0050237063697594
3107,forward,alm,2,0.499997069944161,0.0055234622346205355
3107,forward,alm,3,0.4999650072372698,0.005728166215812763
3107,forward,alm,4,0.4999353293046227,0.006105556798916683
3107,forward,alm,5,0.499880982500926,0.006527844262483063
3107,forward,alm,6,0.49977682138003465,0.006896834174230858
3107,forward,alm,7,0.4996191301655564,0.007299605842623941
3107,forward,alm,8,0.4994436467578689,0.007675411074550258
3107,forward,alm,9,0.4991903211791214,0.00809207136772369
3107,forward,alm,10,0.4987961176041533,0.008329957406015663
3107,forward,alm,11,0.4983516929899364,0.008665451687426632
3107,forward,alm,12,0.49767075289054796,0.008942719649492305
3107,forward,alm,13,0.4968390065982495,0.009222005029127588
3107,forward,alm,14,0.4960686410926738,0.009351288711285743
3107,forward,alm,15,0.49521862120785964,0.009608809148746013
3107,forward,alm,16,0.4946706847781486,0.009627313132692437
3107,forward,alm,17,0.4941598750232955,0.00960933012101213
3107,forward,alm,18,0.49404806740045515,0.009468822202823728
3107,forward,alm,19,0.4940018068655515,0.009923201375774328
3107,forward,alm,20,0.4945179637030283,0.009437280485103172
3107,full,bp,1,0.5002357960339645,0.0
3107,full,bp,2,0.49981088398414164,0.0
3107,full,bp,3,0.49934627057503467,0.0
3107,full,bp,4,0.4989507447592614,0.0
3107,full,bp,5,0.49839739035480357,0.0
3107,full,bp,6,0.49777699902025707,0.0
3107,full,bp,7,0.49692576583820847,0.0
3107,full,bp,8,0.49595059293238936,0.0
3107,full,bp,9,0.4946355343680459,0.0
3107,full,bp,10,0.4930206553548193,0.0
3107,full,bp,11,0.491505407827865,0.0
3107,full,bp,12,0.4902331561423571,0.0
3107,full,bp,13,0.48963497922074317,0.0
3107,full,bp,14,0.48975494050738244,0.0
3107,full,bp,15,0.4901278111806794,0.0
3107,full,bp,16,0.48976445749114417,0.0
3107,full,bp,17,0.4891374459998924,0.0
3107,full,bp,18,0.488965575279272,0.0
3107,full,bp,19,0.4896048599240589,0.0
3107,full,bp,20,0.4889508125040579,0.0
3107,full,pc,1,0.5002551233080885,0.005702394603641352
3107,full,pc,2,0.4997874878497381,0.006249416552680452
3107,full,pc,3,0.4991690086839734,0.006479757353605678
3107,full,pc,4,0.4985860321022731,0.006858301552023782
3107,full,pc,5,0.4977755766455674,0.007329105484608265
3107,full,pc,6,0.4968488393538428,0.007678715778142847
3107,full,pc,7,0.4957982682832833,0.008182645994098217
3107,full,pc,8,0.4946941408103812,0.0085104855670347
3107,full,pc,9,0.49342193356873415,0.008904019714032976
3107,full,pc,10,0.4921707617143364,0.009131044237155151
3107,full,pc,11,0.4912504465049292,0.009580665964027457
3107,full,pc,12,0.490506805105837,0.009780150340972965
3107,full,pc,13,0.4903150477366077,0.01040463082237068
3107,full,pc,14,0.49033194879798586,0.010078535576510903
3107,full,pc,15,0.49071308357063614,0.010723711205697033
3107,full,pc,16,0.49135169619611996,0.010213033734493372
3107,full,pc,17,0.49187052487679206,0.010365463581121672
3107,full,pc,18,0.49292774187382044,0.010559433337143253
3107,full,pc,19,0.49456398818612035,0.011309652132237058
3107,full,pc,20,0.49484894773831006,0.010221959762102406
3107,full,alm,1,0.5002516847548246,0.0049973845792276005
3107,full,alm,2,0.4997857799511294,0.005464953880048351
3107,full,alm,3,0.4991683384866886,0.0056593697739612215
3107,full,alm,4,0.49858751754462627,0.005978548709878065
3107,full,alm,5,0.49777451590304955,0.006375068739532777
3107,full,alm,6,0.4968420833855436,0.006663290449777374
3107,full,alm,7,0.49578745499372545,0.007085763234852774
3107,full,alm,8,0.4946929075443014,0.0073439987869337005
3107,full,alm,9,0.49342728520021184,0.007651705406254461
3107,full,alm,10,0.49220353645372605,0.007826421011095748
3107,full,alm,11,0.49135100442432106,0.00818120185651395
3107,full,alm,12,0.49069325238098793,0.00830670854743106
3107,full,alm,13,0.4906933188884941,0.008818937041987185
3107,full,alm,14,0.4908544924218998,0.008464157908998108
3107,full,alm,15,0.49138744857266264,0.00898413283018938
3107,full,alm,16,0.49209808509200603,0.008465388478756981
3107,full,alm,17,0.4926618377635299,0.00856287260671762
3107,full,alm,18,0.49376418094174984,0.008656432580108767
3107,full,alm,19,0.495443332874702,0.009233757511575312
3107,full,alm,20,0.4957511852277583,0.008268368601849027
3108,forward,bp,1,0.5000626657686458,0.0
3108,forward,bp,2,0.5000548795452064,0.0
3108,forward,bp,3,0.5000623599725917,0.0
3108,forward,bp,4,0.500031804202026,0.0
3108,forward,bp,5,0.5000094999016523,0.0
3108,forward,bp,6,0.49999029471690387,0.0
3108,forward,bp,7,0.4999663352144076,0.0
3108,forward,bp,8,0.49992235425235776,0.0
3108,forward,bp,9,0.4997975326686807,0.0
3108,forward,bp,10,0.49965530167732647,0.0
3108,forward,bp,11,0.49947055759029985,0.0
3108,forward,bp,12,0.499172772883877,0.0
3108,forward,bp,13,0.4988222597618554,0.0
3108,forward,bp,14,0.4984440550585516,0.0
3108,forward,bp,15,0.49810149003560134,0.0
3108,forward,bp,16,0.49787001921759955,0.0
3108,forward,bp,17,0.4979029119339636,0.0
3108,forward,bp,18,0.4980059200073523,0.0
3108,forward,bp,19,0.49833852416456315,0.0
3108,forward,bp,20,0.4982312678453417,0.0
3108,forward,pc,1,0.5000747985340195,0.005360224064737577
3108,forward,pc,2,0.5000760630249882,0.005849730979453598
3108,forward,pc,3,0.5001033401527141,0.006344110655681828
3108,forward,pc,4,0.5000578227840731,0.006850118967532306
3108,forward,pc,5,0.5000369686140654,0.007385632349368145
3108,forward,pc,6,0.500056055042621,0.007826141436589695
3108,forward,pc,7,0.5000785477243403,0.008269650987067967
3108,forward,pc,8,0.5001179939381717,0.008709339455618692
3108,forward,pc,9,0.4999794203639652,0.00911938441685176
3108,forward,pc,10,0.499970658118318,0.009483225782948218
3108,forward,pc,11,0.5001239011650225,0.009874403192255583
3108,forward,pc,12,0.5003589991816711,0.010127596275763737
3108,forward,pc,13,0.5005748941760858,0.010425016113395937
3108,forward,pc,14,0.500911923380134,0.010541928971405441
3108,forward,pc,15,0.5015170677817773,0.010854275194730475
3108,forward,pc,16,0.5019074500295085,0.01088373874220108
3108,forward,pc,17,0.5022476195552438,0.01109806491746548
3108,forward,pc,18,0.5025594108625837,0.011270599135084
3108,forward,pc,19,0.5030980430763813,0.011124888589910701
3108,forward,pc,20,0.5029440243079178,0.011098552285835117
3108,forward,alm,1,0.5000742650359885,0.004709489063543325
3108,forward,alm,2,0.5000763837987627,0.005136512147660507
3108,forward,alm,3,0.5001065810650336,0.00556658801472083
3108,forward,alm,4,0.5000582462448966,0.0060050309311453455
3108,forward,alm,5,0.5000367018630969,0.006466586976082085
3108,forward,alm,6,0.5000568636878211,0.0068455401634334055
3108,forward,alm,7,0.5000768994106879,0.007223329097085016
3108,forward,alm,8,0.5001142252446238,0.007595494545352378
3108,forward,alm,9,0.499951637659598,0.007935308395579741
3108,forward,alm,10,0.4999359606338535,0.008237731124968686
3108,forward,alm,11,0.5001119128854219,0.008560887313722076
3108,forward,alm,12,0.5003934027968087,0.00876141802413312
3108,forward,alm,13,0.5006651759893407,0.008996682649159881
3108,forward,alm,14,0.5010373368731321,0.009059413776884032
3108,forward,alm,15,0.5016670883418862,0.009308571712867579
3108,forward,alm,16,0.5020412067540154,0.009306035012402918
3108,forward,alm,17,0.502273931806779,0.00947103309207439
3108,forward,alm,18,0.5025485801140702,0.009595643430612344
3108,forward,alm,19,0.5030006289838842,0.009410990949667564
3108,forward,alm,20,0.502827232720281,0.009386909625213586
3108,full,bp,1,0.4998878245453326,0.0
3108,full,bp,2,0.4997045360236759,0.0
3108,full,bp,3,0.49953836305981547,0.0
3108,full,bp,4,0.49934208962925236,0.0
3108,full,bp,5,0.4991489290996858,0.0
3108,full,bp,6,0.4989384730970585,0.0
3108,full,bp,7,0.4987433834126751,0.0
3108,full,bp,8,0.498471921364374,0.0
3108,full,bp,9,0.4980916787435097,0.0
3108,full,bp,10,0.497701423600402,0.0
3108,full,bp,11,0.49725326606602704,0.0
3108,full,bp,12,0.4968693613530843,0.0
3108,full,bp,13,0.49680460043199254,0.0
3108,full,bp,14,0.49684104584956784,0.0
3108,full,bp,15,0.4970976744771113,0.0
3108,full,bp,16,0.49726213210234615,0.0
3108,full,bp,17,0.4977584098970075,0.0
3108,full,bp,18,0.49749899283786,0.0
3108,full,bp,19,0.4969967797163032,0.0
3108,full,bp,20,0.49623622834055303,0.0
3108,full,pc,1,0.4999396714216397,0.005347809563222617
3108,full,pc,2,0.4997133656097782,0.005812269031650342
3108,full,pc,3,0.4994992035120836,0.0062936023017621835
3108,full,pc,4,0.49910168829515655,0.0067190598342228595
3108,full,pc,5,0.4987622202913429,0.007245352398597421
3108,full,pc,6,0.4984964062928924,0.007635395514333745
3108,full,pc,7,0.49829262362001453,0.008031396429950865
3108,full,pc,8,0.4981324158928459,0.008400185771087896
3108,full,pc,9,0.49804303765691194,0.008881737443825127
3108,full,pc,10,0.4981626325524263,0.00909993496575074
3108,full,pc,11,0.4984652976899874,0.00955286862167702
3108,full,pc,12,0.49888322098217464,0.009777753048587405
3108,full,pc,13,0.4993144197556384,0.010004492911353996
3108,full,pc,14,0.49966808977882865,0.010196234131664601
3108,full,pc,15,0.50019664142144,0.010502308275625824
3108,full,pc,16,0.5001561336095953,0.010402498945813037
3108,full,pc,17,0.5001495208184192,0.010732310128182187
3108,full,pc,18,0.4990758104824444,0.010819718779902803
3108,full,pc,19,0.4976441837423271,0.010395939898238568
3108,full,pc,20,0.49562035700682905,0.01034590462671948
3108,full,alm,1,0.49994252017799257,0.004688318963510722
3108,full,alm,2,0.4997194744673291,0.005085340649021973
3108,full,alm,3,0.49950839497202026,0.0054945778190169684
3108,full,alm,4,0.4990992878865913,0.0058514465122248465
3108,full,alm,5,0.4987584178225988,0.006293377164169887
3108,full,alm,6,0.49850261461115986,0.006614561057496398
3108,full,alm,7,0.4983183045364033,0.006936228388926237
3108,full,alm,8,0.49820136823943517,0.0072301085534886055
3108,full,alm,9,0.49819091269814253,0.007621578823661443
3108,full,alm,10,0.4984055094790353,0.007778047147309536
3108,full,alm,11,0.49886623680184045,0.00813179475009438
3108,full,alm,12,0.4994173349118215,0.008297746540940442
3108,full,alm,13,0.49989611863577277,0.008456650345837214
3108,full,alm,14,0.5001941321550816,0.008571716343132363
3108,full,alm,15,0.5006605434999467,0.00878371255392614
3108,full,alm,16,0.5002357726115378,0.008658814140872271
3108,full,alm,17,0.4996454222025838,0.00889016514177029
3108,full,alm,18,0.4978358838618599,0.008926870201635882
3108,full,alm,19,0.4957036276221387,0.008486378780235159
3108,full,alm,20,0.4930656313829793,0.00844406758993248
3109,forward,bp,1,0.4998956410673733,0.0
3109,forward,bp,2,0.4998530620067042,0.0
3109,forward,bp,3,0.49980600028913846,0.0
3109,forward,bp,4,0.4997397177183628,0.0
3109,forward,bp,5,0.49965033869113396,0.0
3109,forward,bp,6,0.499540192336958,0.0
3109,forward,bp,7,0.4993606149372757,0.0
3109,forward,bp,8,0.49911374830623106,0.0
3109,forward,bp,9,0.49885570238543014,0.0
3109,forward,bp,10,0.49848120036938437,0.0
3109,forward,bp,11,0.49800095306538433,0.0
3109,forward,bp,12,0.4975345038071017,0.0
3109,forward,bp,13,0.49675818123006454,0.0
3109,forward,bp,14,0.4958694510843489,0.0
3109,forward,bp,15,0.4950084378890439,0.0
3109,forward,bp,16,0.49388291767960946,0.0
3109,forward,bp,17,0.4929223327943049,0.0
3109,forward,bp,18,0.4921393712115917,0.0
3109,forward,bp,19,0.4914318072492767,0.0
3109,forward,bp,20,0.4905119121061593,0.0
3109,forward,pc,1,0.49989496799547906,0.006354827309514209
3109,forward,pc,2,0.49984629325307295,0.006805931235597088
3109,forward,pc,3,0.49978449149893345,0.007256899839389845
3109,forward,pc,4,0.49969046575302045,0.007708966635898345
3109,forward,pc,5,0.49957333039348384,0.008140949724065632
3109,forward,pc,6,0.4994251207238216,0.008568721361700789
3109,forward,pc,7,0.49921289060231405,0.008986861007384807
3109,forward,pc,8,0.4989581279204304,0.009360621463291599
3109,forward,pc,9,0.4986766946935778,0.009718708703066455
3109,forward,pc,10,0.49833283503491627,0.010018150694729932
3109,forward,pc,11,0.49793411634907736,0.010270528698942646
3109,forward,pc,12,0.49759653190387976,0.01058748655017774
3109,forward,pc,13,0.49713328050546857,0.010781688853812341
3109,forward,pc,14,0.4967598040431372,0.010929406019630541
3109,forward,pc,15,0.4964855499916403,0.011040863721276406
3109,forward,pc,16,0.4962423043133788,0.011103020456509453
3109,forward,pc,17,0.49644471422357284,0.011387910791692915
3109,forward,pc,18,0.49678102233873384,0.011298250562952555
3109,forward,pc,19,0.4973784886126513,0.011130475814035165
3109,forward,pc,20,0.49801497629735125,0.011587467078867802
3109,forward,alm,1,0.49989195795170827,0.005585074917356807
3109,forward,alm,2,0.4998388906679429,0.005978614599018764
3109,forward,alm,3,0.4997709984681719,0.006371063152480865
3109,forward,alm,4,0.4996675787979421,0.0067634300585894406
3109,forward,alm,5,0.49953846959486947,0.007136807899644764
3109,forward,alm,6,0.4993736190919019,0.00750553197426712
3109,forward,alm,7,0.49914677578366234,0.007864904176555328
3109,forward,alm,8,0.49887543766633696,0.008181295018242439
3109,forward,alm,9,0.4985724307757197,0.00848575484707258
3109,forward,alm,10,0.4982127545962878,0.008729752237902275
3109,forward,alm,11,0.49780691625584805,0.008931184866241183
3109,forward,alm,12,0.49749188421725044,0.009195201309369327
3109,forward,alm,13,0.4970661942488027,0.009347561595235086
3109,forward,alm,14,0.4967663226183615,0.009442019658634329
3109,forward,alm,15,0.4965746578508362,0.009512274371900206
3109,forward,alm,16,0.49643057552097974,0.009537401308392948
3109,forward,alm,17,0.4968814864228627,0.009801565197385629
3109,forward,alm,18,0.4974269454681006,0.009663283954787442
3109,forward,alm,19,0.4982598585149054,0.00945574530405892
3109,forward,alm,20,0.4991683989663153,0.009861487982271846
3109,full,bp,1,0.5000443413327187,0.0
3109,full,bp,2,0.49953437036768755,0.0
3109,full,bp,3,0.49910514826229835,0.0
3109,full,bp,4,0.49862205637485113,0.0
3109,full,bp,5,0.4982056175768249,0.0
3109,full,bp,6,0.497754951345419,0.0
3109,full,bp,7,0.4971524044526895,0.0
3109,full,bp,8,0.49645966166619865,0.0
3109,full,bp,9,0.49588521158171717,0.0
3109,full,bp,10,0.4951899407958166,0.0
3109,full,bp,11,0.49435268796720766,0.0
3109,full,bp,12,0.4937566488702191,0.0
3109,full,bp,13,0.49263812881796043,0.0
3109,full,bp,14,0.49148075629388993,0.0
3109,full,bp,15,0.4906829750381465,0.0
3109,full,bp,16,0.4896337615901329,0.0
3109,full,bp,17,0.4887926699025707,0.0
3109,full,bp,18,0.4885667791894903,0.0
3109,full,bp,19,0.48820398541612897,0.0
3109,full,bp,20,0.4871791371612053,0.0
3109,full,pc,1,0.5002247563119072,0.006350613213945572
3109,full,pc,2,0.49973763186129944,0.006779067910838322
3109,full,pc,3,0.4992119017668473,0.007206637047572834
3109,full,pc,4,0.49852705397919983,0.007648657315600364
3109,full,pc,5,0.4979129007403734,0.008050137564328961
3109,full,pc,6,0.4972430292990948,0.008457139201447826
3109,full,pc,7,0.496455470065447,0.008872868189453919
3109,full,pc,8,0.49568411784048666,0.009245960607879277
3109,full,pc,9,0.49501888320475784,0.009472338539887395
3109,full,pc,10,0.4943163758803095,0.009760144146838007
3109,full,pc,11,0.4935453886263498,0.009960802818219339
3109,full,pc,12,0.4931398123443175,0.010158835089395257
3109,full,pc,13,0.49238136131748556,0.010484086218607967
3109,full,pc,14,0.49176439760484203,0.01063780721084431
3109,full,pc,15,0.49174010160364934,0.010563457892659538
3109,full,pc,16,0.49179432853998956,0.010914108920328066
3109,full,pc,17,0.49179699741477856,0.010905433345888896
3109,full,pc,18,0.4928880024262467,0.010666065539362661
3109,full,pc,19,0.494268049637138,0.010527641766375682
3109,full,pc,20,0.49544420549864526,0.010805710770898917
3109,full,alm,1,0.5002277329695315,0.00557483026447081
3109,full,alm,2,0.4997397129869318,0.005939787919514167
3109,full,alm,3,0.499205305961543,0.006302290577494785
3109,full,alm,4,0.49850620853684313,0.006675168552151986
3109,full,alm,5,0.4978743544801386,0.007009931205785367
3109,full,alm,6,0.4971839484178218,0.007348852451980663
3109,full,alm,7,0.4963768810505925,0.007691173340134656
3109,full,alm,8,0.49558729142345,0.007995104403447403
3109,full,alm,9,0.49489530710773294,0.008159742620912425
3109,full,alm,10,0.49416786105046484,0.008384728776537457
3109,full,alm,11,0.4933851825188278,0.008521175454910622
3109,full,alm,12,0.4929805324295338,0.008664317296597782
3109,full,alm,13,0.4922463945250933,0.008889559521807958
3109,full,alm,14,0.49169621337283975,0.008997610940771726
3109,full,alm,15,0.4918195284410695,0.0088937727011954
3109,full,alm,16,0.4920665087982184,0.00914197853293042
3109,full,alm,17,0.4924988527981461,0.00905814036152061
3109,full,alm,18,0.4939443746258077,0.008820135537683299
3109,full,alm,19,0.4958349303637956,0.008676346041418403
3109,full,alm,20,0.49765182541293645,0.008837210631738503
