seed,graph,method,edges,initial_mse,test_mse,accuracy,occluded_mse,shuffled_mse,seconds,status
3100,forward,bp,1001,0.5000271270613867,0.5062777770358335,0.2265625,0.5019622486947034,0.5175626951677246,0.11100997000175994,ok
3100,forward,pc,1001,0.5000271270613867,0.5078479220518302,0.296875,0.5041800413803998,0.5119633827769362,0.6397227289999137,ok
3100,forward,alm,1001,0.5000271270613867,0.5095552928648548,0.296875,0.5053275603114531,0.5135161384365059,0.6268698839994613,ok
3100,full,bp,2663,0.49971228430000236,0.5134933066739252,0.203125,0.5052384695968781,0.5285684847810902,0.10666987400327343,ok
3100,full,pc,2663,0.49971228430000236,0.5172774310385775,0.2578125,0.5049724029371002,0.5274786675084193,0.6161311159958132,ok
3100,full,alm,2663,0.49971228430000236,0.5188344750668202,0.265625,0.5055089698168367,0.5300140927288247,0.6199880770000163,ok
3101,forward,bp,1001,0.49998548025166906,0.49749730058271735,0.328125,0.4972564966233775,0.4931957890733796,0.10624928399920464,ok
3101,forward,pc,1001,0.49998548025166906,0.4955325411077731,0.328125,0.49558368546532217,0.4934054613479916,0.6078976529970532,ok
3101,forward,alm,1001,0.49998548025166906,0.4964736355622815,0.328125,0.49630919591270156,0.4934957963887979,0.6084875879969331,ok
3101,full,bp,2663,0.5007937244258325,0.49259825771192284,0.390625,0.49318408989822693,0.49249036919955574,0.11030886899970938,ok
3101,full,pc,2663,0.5007937244258325,0.49222345502039866,0.421875,0.4919224147498108,0.4945296756196122,0.6205829879982048,ok
3101,full,alm,2663,0.5007937244258325,0.4931544168472978,0.4375,0.492653634744481,0.49511702113635736,0.6172455249979976,ok
3102,forward,bp,1001,0.49999346324185634,0.509071771705456,0.21875,0.5069647953907895,0.5091845962637238,0.11317162000341341,ok
3102,forward,pc,1001,0.49999346324185634,0.5130002868011176,0.2109375,0.5095916735149959,0.5149540685557699,0.6427565960038919,ok
3102,forward,alm,1001,0.49999346324185634,0.5151638657803803,0.2109375,0.5113003812146963,0.5169139929876587,0.6423363159992732,ok
3102,full,bp,2663,0.49982927074766664,0.5198061802993892,0.1953125,0.5104317172701112,0.5206287597504775,0.11627403000602499,ok
3102,full,pc,2663,0.49982927074766664,0.5302019412034056,0.203125,0.515518928668522,0.5284359680650234,0.6604566470050486,ok
3102,full,alm,2663,0.49982927074766664,0.5316283111917395,0.2109375,0.517395910082804,0.529466044604038,0.6187369120016228,ok
3103,forward,bp,1001,0.4999714107837734,0.5096533906625365,0.2109375,0.5072961277381185,0.5097765590334742,0.11493695600074716,ok
3103,forward,pc,1001,0.4999714107837734,0.5142990868443456,0.234375,0.5110137499273357,0.5144367380989147,0.631503527998575,ok
3103,forward,alm,1001,0.4999714107837734,0.5152626277287067,0.2265625,0.511768001822809,0.5152801633613975,0.6139194249990396,ok
3103,full,bp,2663,0.49856261421999837,0.5133012240319623,0.21875,0.5107386797674591,0.5125579751470153,0.10806264799612109,ok
3103,full,pc,2663,0.49856261421999837,0.5163752292377028,0.25,0.5118730729338004,0.5140176931895887,0.6452635969981202,ok
3103,full,alm,2663,0.49856261421999837,0.5181669603137906,0.2421875,0.5135694120554019,0.5157490658061827,0.6540636399950017,ok
3104,forward,bp,1001,0.5001093455056561,0.5325036385957271,0.2421875,0.5252524610343527,0.5286777806076557,0.115874631999759,ok
3104,forward,pc,1001,0.5001093455056561,0.5473819521720285,0.203125,0.5359717448655472,0.5315684597426811,0.6701686439992045,ok
3104,forward,alm,1001,0.5001093455056561,0.5526563635483722,0.2109375,0.5399838118217252,0.5349466778614683,0.6607028060025186,ok
3104,full,bp,2663,0.5001869831055413,0.5303610561880523,0.2421875,0.5222873511311917,0.5267351037495117,0.1130818649980938,ok
3104,full,pc,2663,0.5001869831055413,0.5418745848464672,0.28125,0.5292430320228686,0.5348366089388162,0.6547635030001402,ok
3104,full,alm,2663,0.5001869831055413,0.5451569458630359,0.2890625,0.5327766487763238,0.535918033130848,0.6424542219974683,ok
3105,forward,bp,1001,0.5000372662346787,0.5007790599363027,0.25,0.5007451596008726,0.5005437991151394,0.10869317699689418,ok
3105,forward,pc,1001,0.5000372662346787,0.5071178012288518,0.2578125,0.504914376449964,0.5089305020836438,0.6294406859960873,ok
3105,forward,alm,1001,0.5000372662346787,0.5097418977171113,0.25,0.5068546394836252,0.5115704587891038,0.6203973500014399,ok
3105,full,bp,2663,0.5000534169488616,0.5016697435489069,0.3203125,0.5011594295695571,0.5034055423844968,0.10989134300325532,ok
3105,full,pc,2663,0.5000534169488616,0.5025085546902487,0.2890625,0.5012718394079532,0.5024635277973819,0.6203124720050255,ok
3105,full,alm,2663,0.5000534169488616,0.5034914068995291,0.3125,0.5020750655827353,0.5032216538921984,0.6328399760022876,ok
3106,forward,bp,1001,0.4999581920421779,0.5215216924752062,0.2109375,0.5158480995914684,0.5165486142670435,0.10759389799932251,ok
3106,forward,pc,1001,0.4999581920421779,0.5282390749649583,0.21875,0.5198569698341695,0.5216393045482157,0.6369423949945485,ok
3106,forward,alm,1001,0.4999581920421779,0.5306835337234439,0.21875,0.5215515458307555,0.523253811446498,0.6250255830018432,ok
3106,full,bp,2663,0.5005943203993187,0.5293629447805741,0.2421875,0.5225404945803322,0.5211681874535803,0.10835609099740395,ok
3106,full,pc,2663,0.5005943203993187,0.5327071393963188,0.25,0.5246113363874315,0.5220759566583704,0.6313547040044796,ok
3106,full,alm,2663,0.5005943203993187,0.5346557807897092,0.265625,0.5261452384089651,0.5230001956789847,0.6174551049989532,ok
3107,forward,bp,1001,0.4999883825542123,0.5320335341582298,0.2109375,0.5268787765082963,0.529255554040205,0.10773380700265989,ok
3107,forward,pc,1001,0.4999883825542123,0.5135594467482535,0.1796875,0.5102323658797223,0.5113214045861192,0.6214783269970212,ok
3107,forward,alm,1001,0.4999883825542123,0.5146291773718108,0.1640625,0.5108319164576953,0.5119884287527239,0.6232067550008651,ok
3107,full,bp,2663,0.4997046118990962,0.5371564428488378,0.1875,0.5240389175278042,0.5324529167512891,0.10694956200313754,ok
3107,full,pc,2663,0.4997046118990962,0.5560854624842678,0.203125,0.5301912688798202,0.5452839186830021,0.6154809789950377,ok
3107,full,alm,2663,0.4997046118990962,0.5583341180604986,0.203125,0.531191314360933,0.546919635051256,0.6132577470052638,ok
3108,forward,bp,1001,0.5000809516170903,0.49475284747246084,0.28125,0.49539677230125895,0.49276271294112917,0.11632958300469909,ok
3108,forward,pc,1001,0.5000809516170903,0.5006103446686235,0.1953125,0.5006745601155767,0.4949594755787913,0.6630895529960981,ok
3108,forward,alm,1001,0.5000809516170903,0.5038477014319334,0.21875,0.5034092578724887,0.4965884832736952,0.6472093749980559,ok
3108,full,bp,2663,0.4999678141416624,0.4982585072473491,0.2890625,0.4985783918332637,0.49685879747538886,0.11444794300041394,ok
3108,full,pc,2663,0.4999678141416624,0.4994682010992301,0.28125,0.49905945911556293,0.49860343446125643,0.6245276250047027,ok
3108,full,alm,2663,0.4999678141416624,0.5013251393200606,0.2890625,0.5006161673860661,0.5003682615803409,0.6287537830066867,ok
3109,forward,bp,1001,0.5000560721991829,0.5168103574234171,0.28125,0.5147385872468482,0.5079874420216005,0.11025420499936445,ok
3109,forward,pc,1001,0.5000560721991829,0.5316904478440674,0.234375,0.5274276071032155,0.5166522392896762,0.6350658339943038,ok
3109,forward,alm,1001,0.5000560721991829,0.5357540310627493,0.234375,0.5308121193892124,0.5189659512573113,0.6250726799989934,ok
3109,full,bp,2663,0.5004168156822169,0.5158063604642779,0.2734375,0.5138044702238276,0.5092407610587717,0.10659319600381423,ok
3109,full,pc,2663,0.5004168156822169,0.5155536030023362,0.2578125,0.513081302683094,0.508117298257796,0.6567620049972902,ok
3109,full,alm,2663,0.5004168156822169,0.5176540092863877,0.2421875,0.5151226549312082,0.5086777258154755,0.6372820069955196,ok
