task,seed,method,budget,hidden_cosine,all_cosine,residual
linear,1200,pc,1,0.7942741928232975,0.5331382874557944,0.03929231758507396
linear,1200,pc,2,0.8052771496408567,0.548735468435617,0.06835137139850618
linear,1200,pc,4,0.8139182955373053,0.5224834945195125,0.10822793308473272
linear,1200,pc,8,0.8040066071602627,0.4312409273195221,0.15304032603563308
linear,1200,pc,16,0.7612520712444601,0.3277421617944831,0.1955472412616459
linear,1200,pc,32,0.6952011059884887,0.25179268688578904,0.2317631151699132
linear,1201,pc,1,0.8125214328015297,0.5901028944586483,0.03623138461783786
linear,1201,pc,2,0.8220764808061214,0.6029476911030637,0.06399621983525397
linear,1201,pc,4,0.8292589567799424,0.572726293271763,0.10333482451641401
linear,1201,pc,8,0.8205256853469642,0.47298908713537297,0.1482511368044663
linear,1201,pc,16,0.7875867374591995,0.3699121468632653,0.1887048596918295
linear,1201,pc,32,0.7365171110622133,0.29793963526998174,0.22002463399190095
linear,1202,pc,1,0.8670009804564062,0.6029577633764442,0.046706989085507904
linear,1202,pc,2,0.8727659943450764,0.634320694890637,0.07933428845933442
linear,1202,pc,4,0.8709286507955216,0.6434230172828568,0.1205796210046638
linear,1202,pc,8,0.8433992141119395,0.5747195166818527,0.16082091993874953
linear,1202,pc,16,0.7839126047703773,0.4463585253839937,0.19357033158616166
linear,1202,pc,32,0.703210616653367,0.33084962640624516,0.2206250538607903
linear,1203,pc,1,0.8266927455286666,0.45851079063726147,0.040997192291843294
linear,1203,pc,2,0.8346853826557872,0.5039687405356408,0.06777842732946136
linear,1203,pc,4,0.8347424407376656,0.5349046202978828,0.10071487213425492
linear,1203,pc,8,0.8108037407943226,0.5104957670719386,0.13541054532854413
linear,1203,pc,16,0.7615738409213075,0.44242279073199603,0.16936313355715713
linear,1203,pc,32,0.7052726887047229,0.37726638121374734,0.199344167194251
linear,1204,pc,1,0.8581219975034723,0.5829196294875653,0.048467948142843206
linear,1204,pc,2,0.864921319149911,0.5871774218988858,0.08328755825256078
linear,1204,pc,4,0.8677985655582788,0.5451399446215258,0.12867615914365915
linear,1204,pc,8,0.8541134354827133,0.4782668363229557,0.17452549038633536
linear,1204,pc,16,0.8189870505344002,0.41061937523558295,0.21157959534287174
linear,1204,pc,32,0.7704045176283213,0.34109870316347823,0.23939167530818894
linear,1205,pc,1,0.871221573688607,0.4806858308450154,0.040996342298679975
linear,1205,pc,2,0.8771155329388571,0.5252352923912151,0.07106569750493465
linear,1205,pc,4,0.878875226634604,0.5384436756057126,0.11156266874375724
linear,1205,pc,8,0.8650158525007737,0.49800616697622035,0.1549319713158293
linear,1205,pc,16,0.8311641047152387,0.43180459402942245,0.1920690374221193
linear,1205,pc,32,0.781987359019465,0.36629407464861263,0.22020539648001078
linear,1206,pc,1,0.8140226196018733,0.5218570808266418,0.04143214795020732
linear,1206,pc,2,0.8236029855350909,0.5410520110262165,0.0715457406852723
linear,1206,pc,4,0.8299672691588077,0.5162526609077837,0.11162895882335251
linear,1206,pc,8,0.8192860928157271,0.44745223499025455,0.1537641815687112
linear,1206,pc,16,0.7864387166084175,0.369362964166286,0.1896188777987779
linear,1206,pc,32,0.7418650493451424,0.30501423419676477,0.2182110313469957
linear,1207,pc,1,0.8510586831306961,0.5582110956612888,0.037979715994232936
linear,1207,pc,2,0.8585688048231042,0.5877323999002445,0.06667447319973173
linear,1207,pc,4,0.8642435847118554,0.5996094157227065,0.10632859229984556
linear,1207,pc,8,0.8563933958437603,0.5660916880760032,0.14922956036044613
linear,1207,pc,16,0.8250800715196399,0.49118610650738725,0.18511084387698495
linear,1207,pc,32,0.7791152197674396,0.4040678124620363,0.21157691852636853
linear,1208,pc,1,0.8402048154689288,0.5174205873358999,0.040288807523043056
linear,1208,pc,2,0.8476096047927019,0.5549152206252289,0.06763458711337977
linear,1208,pc,4,0.851132453636141,0.5747329163414537,0.10291642768614596
linear,1208,pc,8,0.8456980476494598,0.5279427388297568,0.1411703789695167
linear,1208,pc,16,0.8289053620108222,0.44616900049678826,0.17556608054976056
linear,1208,pc,32,0.7921336114562302,0.3720705328769223,0.20212373615331106
linear,1209,pc,1,0.8711634062385344,0.5513674139622856,0.051463118896150184
linear,1209,pc,2,0.8774071945741132,0.5571198096492508,0.08475502944733189
linear,1209,pc,4,0.8790992394427194,0.5558703359217635,0.12330262167407009
linear,1209,pc,8,0.8595132251191466,0.5283461562236511,0.15885106096318977
linear,1209,pc,16,0.8083670359567082,0.44956977050325136,0.19069125366687473
linear,1209,pc,32,0.7408583623316051,0.36477840209484497,0.21861387133362586
linear,1210,pc,1,0.895044956133188,0.6113099728397074,0.03237720647735627
linear,1210,pc,2,0.8997669657494201,0.6414606363185009,0.05778726863956955
linear,1210,pc,4,0.9015499975660227,0.6448943060491374,0.09472993128883818
linear,1210,pc,8,0.8884457073610448,0.5761490979744655,0.13811626345304753
linear,1210,pc,16,0.8459658062081229,0.4736869153412112,0.17788358264634974
linear,1210,pc,32,0.7830408881146387,0.3837429942132268,0.2089705729416969
linear,1211,pc,1,0.7181415919720657,0.583185065516401,0.03728947260158179
linear,1211,pc,2,0.7348299088558509,0.5933139729164904,0.06483598252336303
linear,1211,pc,4,0.7517456817589258,0.558533109662805,0.10223935976970702
linear,1211,pc,8,0.7534384536998856,0.46296558359182743,0.14192271088778943
linear,1211,pc,16,0.7315514925468354,0.3798178855177456,0.1738691765280751
linear,1211,pc,32,0.6934655425515703,0.32300899843631914,0.19646890725614577
linear,1212,pc,1,0.909407668533437,0.5347600692504628,0.038687839903534145
linear,1212,pc,2,0.9117660959902771,0.5779756700758099,0.06660278612177727
linear,1212,pc,4,0.9004749632146707,0.5976206375410537,0.10459595523710127
linear,1212,pc,8,0.8534292207030102,0.5496621848494305,0.1483006721462511
linear,1212,pc,16,0.7802334485970188,0.45556645134682067,0.18988647199831232
linear,1212,pc,32,0.708994558050641,0.3613591761489765,0.22172165603474328
linear,1213,pc,1,0.7901560781946725,0.4941075634464769,0.04601208405457026
linear,1213,pc,2,0.8007283072939635,0.5252025396289582,0.07682320281465882
linear,1213,pc,4,0.8006531904771045,0.5328684329507283,0.11485866550548178
linear,1213,pc,8,0.7618601864692747,0.4804636670526551,0.15367817687541677
linear,1213,pc,16,0.699718459613792,0.39541946079750734,0.18877146781481213
linear,1213,pc,32,0.6514295379195749,0.3263030880014299,0.21700697533040259
linear,1214,pc,1,0.8381285888011052,0.5418525480551268,0.035816836709680284
linear,1214,pc,2,0.8459454823859486,0.5697357162664588,0.06213350864832318
linear,1214,pc,4,0.8492767054346393,0.5715840389759501,0.09815291710434863
linear,1214,pc,8,0.8339741116086582,0.5244427082644486,0.13859214542112713
linear,1214,pc,16,0.797086634762484,0.46084934799470334,0.17552661866005104
linear,1214,pc,32,0.7496293465065149,0.4019851518088681,0.20382443735945008
linear,1215,pc,1,0.7961693964104524,0.5818359012106953,0.03948795998245587
linear,1215,pc,2,0.8059134505525003,0.5869853778143489,0.06818163581201968
linear,1215,pc,4,0.8073859576859768,0.5583291313963565,0.1066932038122841
linear,1215,pc,8,0.7836597953187455,0.4798147189425313,0.14838756032654912
linear,1215,pc,16,0.7375769434785643,0.38527481142345066,0.18526640017544257
linear,1215,pc,32,0.6854322682933911,0.305941795489527,0.21396183243096267
linear,1216,pc,1,0.8209956615296524,0.568341278551496,0.04585637202055077
linear,1216,pc,2,0.8300144361805993,0.5872877871832427,0.07823671830262445
linear,1216,pc,4,0.8315500842065155,0.5486697922090339,0.1194063678374119
linear,1216,pc,8,0.7969181953468296,0.45146078487069646,0.1592860240612268
linear,1216,pc,16,0.7201330464590988,0.35738273935553067,0.19095880988895736
linear,1216,pc,32,0.6378774167732757,0.28323085337973175,0.2165917818780945
linear,1217,pc,1,0.8378644739263035,0.538298977615621,0.038933826110373444
linear,1217,pc,2,0.8462050225183209,0.5599118570918732,0.06741943316331116
linear,1217,pc,4,0.8520701069943266,0.5488337184775539,0.10557008013033806
linear,1217,pc,8,0.8423099251875046,0.4960995054556005,0.14581269015914464
linear,1217,pc,16,0.8040085282968636,0.41794948402318327,0.18027474123137613
linear,1217,pc,32,0.7416515035930155,0.33026868787940566,0.20837405305734383
linear,1218,pc,1,0.867261213339393,0.6242360600043746,0.03883232364853416
linear,1218,pc,2,0.8736315415979173,0.6399996009593076,0.0679127973461762
linear,1218,pc,4,0.8771395184552855,0.6165457621763388,0.10790133075432128
linear,1218,pc,8,0.8657120435429966,0.5380899535392193,0.1515128670825927
linear,1218,pc,16,0.8295593423561964,0.4475865438939974,0.18916327814626394
linear,1218,pc,32,0.7758021937599228,0.36739003506928447,0.21765491229376732
linear,1219,pc,1,0.8723126247853803,0.5453045687403095,0.04312382973043669
linear,1219,pc,2,0.8776332646588055,0.5830190460316801,0.07396502829213597
linear,1219,pc,4,0.875140346358536,0.5967812718607121,0.11430554421326267
linear,1219,pc,8,0.8490762691079338,0.5535503366085665,0.15566760264227708
linear,1219,pc,16,0.7978959739113713,0.47348653631523163,0.1893354836450715
linear,1219,pc,32,0.7356520902618786,0.3889457256320569,0.21431219866945803
linear,1200,pcalm,1,0.7942741928232975,0.5331382874557944,0.03929231758507396
linear,1200,pcalm,2,0.806439648449856,0.5608474234678155,0.06763439488219321
linear,1200,pcalm,4,0.8191332204133873,0.5807561113417133,0.10353916448771047
linear,1200,pcalm,8,0.8202976709973607,0.5928144038333635,0.1324672205190557
linear,1200,pcalm,16,0.7980339854119037,0.6414700476411783,0.13249748856094098
linear,1200,pcalm,32,0.8332753851315103,0.773010492912771,0.09479203454614023
linear,1201,pcalm,1,0.8125214328015297,0.5901028944586483,0.03623138461783786
linear,1201,pcalm,2,0.8230425815721438,0.6129907304106169,0.06332526680685815
linear,1201,pcalm,4,0.8331042249167467,0.6237536272447155,0.09876582301539803
linear,1201,pcalm,8,0.8301089692266909,0.623890306667063,0.127861596368766
linear,1201,pcalm,16,0.8112348627619371,0.66622909755666,0.1285625288135676
linear,1201,pcalm,32,0.8602717969894168,0.7917550694535569,0.0947635787920307
linear,1202,pcalm,1,0.8670009804564062,0.6029577633764442,0.046706989085507904
linear,1202,pcalm,2,0.8732362016263377,0.6464293024279207,0.07836586426780263
linear,1202,pcalm,4,0.8713934520216686,0.6984684697916064,0.11472494842190689
linear,1202,pcalm,8,0.8418174817598925,0.7099301978581026,0.1384925957522084
linear,1202,pcalm,16,0.7994815792643424,0.7059050722235619,0.13524327451696178
linear,1202,pcalm,32,0.8299530246721692,0.7802181389466397,0.1044901276127159
linear,1203,pcalm,1,0.8266927455286666,0.45851079063726147,0.040997192291843294
linear,1203,pcalm,2,0.8360010006844003,0.5214145435752244,0.0670041357085212
linear,1203,pcalm,4,0.8424749614078197,0.6054671691401066,0.09598614070083443
linear,1203,pcalm,8,0.8364689644563378,0.675450437994066,0.11686842932291854
linear,1203,pcalm,16,0.8203578814599533,0.7293952577442467,0.11716003882770404
linear,1203,pcalm,32,0.8542827141634016,0.8219013366588814,0.08580544447979259
linear,1204,pcalm,1,0.8581219975034723,0.5829196294875653,0.048467948142843206
linear,1204,pcalm,2,0.8656549376803484,0.6009987374110319,0.08246013810588959
linear,1204,pcalm,4,0.8709948732104072,0.6108021058500965,0.12323223857633683
linear,1204,pcalm,8,0.8636230652892639,0.6449313396347686,0.1510790142171286
linear,1204,pcalm,16,0.8380889575516317,0.6978548458486175,0.14553103456831695
linear,1204,pcalm,32,0.8665303794819329,0.7858388188086209,0.10885300502056955
linear,1205,pcalm,1,0.871221573688607,0.4806858308450154,0.040996342298679975
linear,1205,pcalm,2,0.877821792110637,0.5433858438888526,0.07033570600723163
linear,1205,pcalm,4,0.882215415032459,0.6135048582225859,0.10670879635907775
linear,1205,pcalm,8,0.8752169134984389,0.674483296306592,0.13380413289985432
linear,1205,pcalm,16,0.853023133864409,0.7295743722709321,0.13170669711741603
linear,1205,pcalm,32,0.8792220290429335,0.824887647573269,0.09747499621884387
linear,1206,pcalm,1,0.8140226196018733,0.5218570808266418,0.04143214795020732
linear,1206,pcalm,2,0.8246328960990623,0.5555869196930101,0.07075696305444078
linear,1206,pcalm,4,0.8344657425265122,0.5832040269813276,0.10655535398993855
linear,1206,pcalm,8,0.8318088005184423,0.6158767826596733,0.13259357642846578
linear,1206,pcalm,16,0.8118181476648326,0.6656519035133132,0.13084259596413825
linear,1206,pcalm,32,0.8604804252685093,0.7896150265836615,0.0974541189843488
linear,1207,pcalm,1,0.8510586831306961,0.5582110956612888,0.037979715994232936
linear,1207,pcalm,2,0.8593302578258208,0.6001551029980626,0.0660101770288996
linear,1207,pcalm,4,0.8674398267535978,0.6571125389509535,0.10183710166994422
linear,1207,pcalm,8,0.8658399466450684,0.7104929551452853,0.12927464379865944
linear,1207,pcalm,16,0.8487136322787123,0.7491378714423633,0.1258205097462341
linear,1207,pcalm,32,0.8845575799552202,0.8352512593283599,0.09121273738725118
linear,1208,pcalm,1,0.8402048154689288,0.5174205873358999,0.040288807523043056
linear,1208,pcalm,2,0.848607063609747,0.5694207188377671,0.06689314423127045
linear,1208,pcalm,4,0.8556659850098092,0.638726525825908,0.09825806298669766
linear,1208,pcalm,8,0.8573988641524225,0.6869448302129288,0.12183056393457724
linear,1208,pcalm,16,0.8507296625427043,0.7337330710531722,0.12086994072167703
linear,1208,pcalm,32,0.8894007588240823,0.8347568445728498,0.09008127676637431
linear,1209,pcalm,1,0.8711634062385344,0.5513674139622856,0.051463118896150184
linear,1209,pcalm,2,0.878221778381013,0.5730795827595779,0.08390690123829429
linear,1209,pcalm,4,0.883730149112801,0.6236246834071357,0.1179840200129088
linear,1209,pcalm,8,0.876647343008436,0.6884913896647687,0.1376606706267688
linear,1209,pcalm,16,0.8450747164912389,0.7304293446816156,0.13331397468835213
linear,1209,pcalm,32,0.873657397651474,0.8221721924266934,0.10052362920163688
linear,1210,pcalm,1,0.895044956133188,0.6113099728397074,0.03237720647735627
linear,1210,pcalm,2,0.9003205286263802,0.652793389824662,0.05720709836206566
linear,1210,pcalm,4,0.9039622040760547,0.6989941748624622,0.09062433604826396
linear,1210,pcalm,8,0.8944787117478351,0.7203774589985308,0.1191234706497156
linear,1210,pcalm,16,0.8612198074625694,0.7421281737027358,0.12083051860773243
linear,1210,pcalm,32,0.8965518638559831,0.8440516316698948,0.08841773954116133
linear,1211,pcalm,1,0.7181415919720657,0.583185065516401,0.03728947260158179
linear,1211,pcalm,2,0.7362555742998468,0.6020527280759628,0.06402827201070091
linear,1211,pcalm,4,0.7559852408725147,0.6053597704382454,0.09729591021129601
linear,1211,pcalm,8,0.7617619367398598,0.5990108424133134,0.12248406251296315
linear,1211,pcalm,16,0.7629962996521685,0.6380806072685785,0.1198524431637834
linear,1211,pcalm,32,0.8322318406597056,0.7509581735001126,0.08817446166535639
linear,1212,pcalm,1,0.909407668533437,0.5347600692504628,0.038687839903534145
linear,1212,pcalm,2,0.9122939882176592,0.5937177241671112,0.06586590626610582
linear,1212,pcalm,4,0.9030491134358668,0.664218026458087,0.09994840739403946
linear,1212,pcalm,8,0.8618468730778553,0.7040593976539451,0.12874257681962012
linear,1212,pcalm,16,0.8147126726356305,0.7187814409628092,0.1277946910624586
linear,1212,pcalm,32,0.8478645093447011,0.7983052636113009,0.09161324630300847
linear,1213,pcalm,1,0.7901560781946725,0.4941075634464769,0.04601208405457026
linear,1213,pcalm,2,0.8020132917180732,0.5401680834309293,0.07586902668052158
linear,1213,pcalm,4,0.8071218549526754,0.5974666257785359,0.1092197873070759
linear,1213,pcalm,8,0.7831271813855067,0.6343021738459538,0.1323964646054449
linear,1213,pcalm,16,0.7503456629058008,0.6637663938068434,0.13147957493968293
linear,1213,pcalm,32,0.8109570213187669,0.7727191168182108,0.09885848941203972
linear,1214,pcalm,1,0.8381285888011052,0.5418525480551268,0.035816836709680284
linear,1214,pcalm,2,0.8468179338229896,0.5824841463328833,0.06142979964667445
linear,1214,pcalm,4,0.853148151439475,0.6301501062775965,0.09369244746622002
linear,1214,pcalm,8,0.8462779848085968,0.6752261281030928,0.1198223474080825
linear,1214,pcalm,16,0.8295985151293415,0.7257927141678892,0.11919462438344654
linear,1214,pcalm,32,0.8636198173727841,0.8161433708996177,0.08429802348295568
linear,1215,pcalm,1,0.7961693964104524,0.5818359012106953,0.03948795998245587
linear,1215,pcalm,2,0.8069591938684577,0.5972314380949879,0.06743544421794889
linear,1215,pcalm,4,0.8113495619155057,0.6084285922639231,0.10196331354637746
linear,1215,pcalm,8,0.7944305386185263,0.6177638003585476,0.1283630532452299
linear,1215,pcalm,16,0.7624899931592124,0.6463983321809111,0.12608900636310932
linear,1215,pcalm,32,0.818186711047552,0.7657296182522347,0.09116720353781824
linear,1216,pcalm,1,0.8209956615296524,0.568341278551496,0.04585637202055077
linear,1216,pcalm,2,0.8308447334857543,0.6006177397035541,0.07732885886337997
linear,1216,pcalm,4,0.8339430576000679,0.6118029799668594,0.1136936068392768
linear,1216,pcalm,8,0.80016003711433,0.6093824435715781,0.1368242479357934
linear,1216,pcalm,16,0.7455785524110948,0.6244380058608037,0.13464625105854525
linear,1216,pcalm,32,0.7913636406316238,0.7206638133518832,0.1051992588180213
linear,1217,pcalm,1,0.8378644739263035,0.538298977615621,0.038933826110373444
linear,1217,pcalm,2,0.8470183591185421,0.5737744445954536,0.06668388549266428
linear,1217,pcalm,4,0.8552082161602685,0.6124285324501311,0.10080152447892522
linear,1217,pcalm,8,0.8506598110216042,0.6564695459438441,0.12571088745530246
linear,1217,pcalm,16,0.8239074771226398,0.6992985146231857,0.12405375054425734
linear,1217,pcalm,32,0.8555971977871102,0.7956025718207387,0.09247984648639163
linear,1218,pcalm,1,0.867261213339393,0.6242360600043746,0.03883232364853416
linear,1218,pcalm,2,0.8743482175040349,0.6512282855664377,0.06722340605158869
linear,1218,pcalm,4,0.880520128485581,0.6720501489162044,0.10328183080854689
linear,1218,pcalm,8,0.87705802612494,0.689347470503515,0.13106547075748845
linear,1218,pcalm,16,0.8553814997795646,0.7326089042242667,0.12892286084135787
linear,1218,pcalm,32,0.8852191497765873,0.8346252585450685,0.09412377878039582
linear,1219,pcalm,1,0.8723126247853803,0.5453045687403095,0.04312382973043669
linear,1219,pcalm,2,0.8782654365560885,0.5981085198016978,0.07313078996557418
linear,1219,pcalm,4,0.8776717768581368,0.6621661929179664,0.10909840735674924
linear,1219,pcalm,8,0.8561866081278513,0.7044216324138783,0.13448649650897068
linear,1219,pcalm,16,0.8183382598347048,0.7273332817396461,0.13048440381722945
linear,1219,pcalm,32,0.8509751624078776,0.8084463089970721,0.09613836803179023
linear,1200,shuffle,1,0.7892152541778468,0.5360856675179209,0.03929231758507396
linear,1200,shuffle,2,0.8001451844540675,0.5661512441899552,0.06738959887106792
linear,1200,shuffle,4,0.810059276296448,0.5875822415758675,0.10263835632392158
linear,1200,shuffle,8,0.8054852734183438,0.5950326777511015,0.1307488482479066
linear,1200,shuffle,16,0.7693861569500927,0.6249406329105242,0.13383581575484846
linear,1200,shuffle,32,0.7706646506788156,0.7165299569362683,0.11649405614940177
linear,1201,shuffle,1,0.8056681274594536,0.5904047015004308,0.03623138461783786
linear,1201,shuffle,2,0.8143963783999618,0.6131629646618884,0.06330571394792975
linear,1201,shuffle,4,0.8203802915178712,0.6221920690416874,0.09870973010015706
linear,1201,shuffle,8,0.8100669080676142,0.6159730291729915,0.12780626095702052
linear,1201,shuffle,16,0.7788771723259196,0.6429982241074867,0.13107125452756174
linear,1201,shuffle,32,0.806085112473908,0.7397244311629041,0.11844239059900082
linear,1202,shuffle,1,0.863358292106987,0.6043688521500935,0.046706989085507904
linear,1202,shuffle,2,0.8703216961447504,0.6489098957165498,0.07819572256938552
linear,1202,shuffle,4,0.8673416378150598,0.7013069796522772,0.11415958485359495
linear,1202,shuffle,8,0.8359046929523907,0.712242413524915,0.13732000643515332
linear,1202,shuffle,16,0.797691791531266,0.7097880907809503,0.13595016976671676
linear,1202,shuffle,32,0.8052618284603135,0.7584031079966203,0.12384914408108293
linear,1203,shuffle,1,0.8206449067363134,0.4593672423605012,0.040997192291843294
linear,1203,shuffle,2,0.8265172675083674,0.522512388895636,0.06696107535401473
linear,1203,shuffle,4,0.8276263882216861,0.6044705334457618,0.09570925929514364
linear,1203,shuffle,8,0.813938071528879,0.6654870356896004,0.11606355474668262
linear,1203,shuffle,16,0.7841331897669767,0.7003773303732442,0.11827299935195731
linear,1203,shuffle,32,0.801769171418223,0.7711397928678974,0.10190583419765885
linear,1204,shuffle,1,0.8464082531343661,0.5839714644694382,0.048467948142843206
linear,1204,shuffle,2,0.8533891584925731,0.6023930998618724,0.08246669200553823
linear,1204,shuffle,4,0.8573272746944189,0.6107737669781519,0.12325182753389871
linear,1204,shuffle,8,0.8485648701946936,0.6404851679087284,0.15104319216392392
linear,1204,shuffle,16,0.8184630419767213,0.6839446121781376,0.14746353294199774
linear,1204,shuffle,32,0.8299545896786388,0.7499650977195276,0.1255988753117419
linear,1205,shuffle,1,0.8661963570384775,0.4821634951308343,0.040996342298679975
linear,1205,shuffle,2,0.8740453981327974,0.5456923531291372,0.07019145557334287
linear,1205,shuffle,4,0.8795332720279765,0.6161630643411289,0.10626294647848894
linear,1205,shuffle,8,0.87216191718576,0.6773885309938376,0.13325469996472394
linear,1205,shuffle,16,0.8482014152676608,0.731846681903297,0.1322973804625069
linear,1205,shuffle,32,0.861430156105017,0.810801022062115,0.10978351560278009
linear,1206,shuffle,1,0.8099743356507854,0.5193797716461751,0.04143214795020732
linear,1206,shuffle,2,0.8201526120650844,0.5500509774928498,0.070848931543811
linear,1206,shuffle,4,0.8276482130839043,0.5726957509890318,0.10702564292273654
linear,1206,shuffle,8,0.8176266269072218,0.5997692518526665,0.13383749531077874
linear,1206,shuffle,16,0.7755376717697627,0.633183781794511,0.1346653032148813
linear,1206,shuffle,32,0.7840811930366226,0.7150064762382493,0.12084990112019929
linear,1207,shuffle,1,0.8450371343360833,0.5600330070711503,0.037979715994232936
linear,1207,shuffle,2,0.8554053353613608,0.6036836249999883,0.06595343711878926
linear,1207,shuffle,4,0.8669392399061322,0.6628629412469492,0.10162674464388025
linear,1207,shuffle,8,0.8695932069166725,0.7177640713982993,0.12902731228168307
linear,1207,shuffle,16,0.8548088129872596,0.7566330053614948,0.12692696517570565
linear,1207,shuffle,32,0.8749829029709232,0.8289018710093639,0.10257945311220663
linear,1208,shuffle,1,0.8340169449467009,0.5164024028254435,0.040288807523043056
linear,1208,shuffle,2,0.8446436891105005,0.5671674197772508,0.0669265370517257
linear,1208,shuffle,4,0.854299677983701,0.6349540856513465,0.09851119294326503
linear,1208,shuffle,8,0.8570060846165368,0.6827472593542064,0.12275981942568813
linear,1208,shuffle,16,0.8484749733426021,0.7282823240138053,0.12331623401144802
linear,1208,shuffle,32,0.8767325965240305,0.8197426265725987,0.1054466533337825
linear,1209,shuffle,1,0.8649774051259035,0.5595676876168013,0.051463118896150184
linear,1209,shuffle,2,0.874255989104212,0.5884200441094247,0.08339735841176961
linear,1209,shuffle,4,0.8827022272740911,0.6441192921212424,0.11633936402704909
linear,1209,shuffle,8,0.8772293343857233,0.7050035359469412,0.13505858287664074
linear,1209,shuffle,16,0.8344600674247195,0.7299438677711367,0.1347963528597319
linear,1209,shuffle,32,0.8297532469471159,0.7846010636069665,0.12226627262301855
linear,1210,shuffle,1,0.8873235573940373,0.6158570574734878,0.03237720647735627
linear,1210,shuffle,2,0.8940637322163945,0.6611547207389934,0.05704231278059079
linear,1210,shuffle,4,0.9000909162597714,0.7103485415901161,0.08990169690514774
linear,1210,shuffle,8,0.8910994314240211,0.7278073203633022,0.1174083760080268
linear,1210,shuffle,16,0.8436100776436641,0.732619030338612,0.12184937380543379
linear,1210,shuffle,32,0.8431549073520248,0.7953222978596381,0.10845038569089181
linear,1211,shuffle,1,0.711313039283088,0.5853592650395223,0.03728947260158179
linear,1211,shuffle,2,0.7288053063601435,0.605704201481271,0.06380958664724494
linear,1211,shuffle,4,0.7438196079623034,0.6082875002435261,0.09666081079525515
linear,1211,shuffle,8,0.7385136091594493,0.5915445999211952,0.12141045209420676
linear,1211,shuffle,16,0.7260310469776035,0.610941768334452,0.12084549961576084
linear,1211,shuffle,32,0.7779810454758179,0.6971276835062762,0.10685968060610923
linear,1212,shuffle,1,0.9022370685940756,0.535417467734368,0.038687839903534145
linear,1212,shuffle,2,0.9075622406273847,0.594403839711053,0.06579110159489929
linear,1212,shuffle,4,0.9008232085065326,0.664189361777311,0.09976870002689377
linear,1212,shuffle,8,0.8593938698094528,0.7027180391300942,0.12856671927669927
linear,1212,shuffle,16,0.8053694664547622,0.7114335871737142,0.12918885572120556
linear,1212,shuffle,32,0.8191179886917864,0.770106096828159,0.10842011089996707
linear,1213,shuffle,1,0.7846444526595769,0.49410959226558276,0.04601208405457026
linear,1213,shuffle,2,0.7975242729425763,0.5399326869378615,0.07572328995476656
linear,1213,shuffle,4,0.8024010042366231,0.5966698782261963,0.10883928817727523
linear,1213,shuffle,8,0.7754188812255902,0.6319495991779852,0.13181244245497575
linear,1213,shuffle,16,0.739504646903795,0.6574065011029602,0.13157921973117306
linear,1213,shuffle,32,0.7789353133043465,0.7425556256472514,0.11750437892892476
linear,1214,shuffle,1,0.8295583738907941,0.5466304492624898,0.035816836709680284
linear,1214,shuffle,2,0.8386756321264085,0.5909595981503303,0.061240245751738746
linear,1214,shuffle,4,0.8458344199986519,0.640909525251568,0.09305652791684305
linear,1214,shuffle,8,0.8404467696546941,0.6819842028802072,0.11877035386357938
linear,1214,shuffle,16,0.8210363724063964,0.7232451509935386,0.1201788683900133
linear,1214,shuffle,32,0.8394759266212006,0.7943265556332948,0.09927433397644773
linear,1215,shuffle,1,0.7900943822911889,0.5806313252836982,0.03948795998245587
linear,1215,shuffle,2,0.8007921369970374,0.5945495185658324,0.06746656065757523
linear,1215,shuffle,4,0.8030081226820183,0.6032826531732428,0.10211778030365705
linear,1215,shuffle,8,0.7821482704069401,0.6095444615715357,0.1287335724210483
linear,1215,shuffle,16,0.7430722573157298,0.6304460276103468,0.12830600492772856
linear,1215,shuffle,32,0.7799049410957799,0.726898036781062,0.11014853320834975
linear,1216,shuffle,1,0.8146713465658139,0.5717352822708995,0.04585637202055077
linear,1216,shuffle,2,0.8247572437321095,0.606799516701593,0.07707986114985814
linear,1216,shuffle,4,0.8259749147954842,0.6197813644629764,0.11291116764004425
linear,1216,shuffle,8,0.7872965567375116,0.6122186032785492,0.13583970139368842
linear,1216,shuffle,16,0.7318266490343366,0.6162646249124805,0.13755850182003979
linear,1216,shuffle,32,0.7636609372960558,0.689489881489955,0.12359294890630886
linear,1217,shuffle,1,0.8266029249901167,0.5382675689526563,0.038933826110373444
linear,1217,shuffle,2,0.8356370849568467,0.574215240964561,0.06653921633027535
linear,1217,shuffle,4,0.8440842016469672,0.6141403964105525,0.10019048035307725
linear,1217,shuffle,8,0.841488223081101,0.6585973458689651,0.12437954209579948
linear,1217,shuffle,16,0.8114275202884037,0.695164736482258,0.12504725559985172
linear,1217,shuffle,32,0.8264653190521095,0.7668606085550178,0.10995535505311017
linear,1218,shuffle,1,0.8584444697746656,0.6236529976560594,0.03883232364853416
linear,1218,shuffle,2,0.8642988510112565,0.6495453705766904,0.06723485240384532
linear,1218,shuffle,4,0.8683645403053102,0.6671477977732179,0.10331355088736392
linear,1218,shuffle,8,0.8617166661508224,0.6796547468702353,0.1311535177125774
linear,1218,shuffle,16,0.8374545395139732,0.7199565348590363,0.13026815066132236
linear,1218,shuffle,32,0.8599793638906832,0.8121273873601128,0.11043525310956648
linear,1219,shuffle,1,0.8632748612753625,0.541686576778856,0.04312382973043669
linear,1219,shuffle,2,0.8700901787237489,0.5906672541996727,0.07312426492373104
linear,1219,shuffle,4,0.868965926752286,0.6503671891329952,0.10913928985943311
linear,1219,shuffle,8,0.8449360279155886,0.6920848380528173,0.13466702812476292
linear,1219,shuffle,16,0.8031273580831165,0.7141178886468657,0.13288872315843114
linear,1219,shuffle,32,0.8282023587507754,0.7857532380623218,0.11495628836323481
linear,1200,tp,1,0.7869046539766138,0.5357855449230161,0.03929231758507396
linear,1200,tp,2,0.7966028877815108,0.565423066562505,0.06735671038933325
linear,1200,tp,4,0.8049353177106041,0.5859175411940691,0.10241240669079711
linear,1200,tp,8,0.7998280822740286,0.5925722667091698,0.12986491636198666
linear,1200,tp,16,0.7739727524782861,0.6296629657157886,0.13241157382251334
linear,1200,tp,32,0.814045997131439,0.7526609342075568,0.110320177250797
linear,1201,tp,1,0.8051502926699023,0.5915785611357948,0.03623138461783786
linear,1201,tp,2,0.8128175642338279,0.6151560970589368,0.06312095220750219
linear,1201,tp,4,0.8183408283568105,0.6240181389001193,0.09793294075933628
linear,1201,tp,8,0.80762827036542,0.6144367832371629,0.1262894790996891
linear,1201,tp,16,0.774617175833821,0.6395104142444586,0.12998006450437488
linear,1201,tp,32,0.811497636901145,0.7485356925800897,0.11123263302361198
linear,1202,tp,1,0.8614377520806188,0.6047984726866557,0.046706989085507904
linear,1202,tp,2,0.8661316654213854,0.6495786496445293,0.07804899657909421
linear,1202,tp,4,0.8625822028533577,0.7013817963669648,0.11355467451183368
linear,1202,tp,8,0.8301602794568609,0.7086294281795046,0.13657129427797227
linear,1202,tp,16,0.784143240931844,0.6992855077353046,0.1356986294271026
linear,1202,tp,32,0.805575925398576,0.7631126783386909,0.12145762283986049
linear,1203,tp,1,0.8164532911304191,0.4680161152837506,0.040997192291843294
linear,1203,tp,2,0.8303365699507296,0.5359630082132805,0.06655854698034734
linear,1203,tp,4,0.8415683407942668,0.6200729253204914,0.09466219553457612
linear,1203,tp,8,0.8339257797579365,0.6812851604254643,0.11517147852442518
linear,1203,tp,16,0.8085904222307339,0.7217023600915846,0.1179640458858899
linear,1203,tp,32,0.8381133595233512,0.8052003905264886,0.09877342065524672
linear,1204,tp,1,0.8474424638253455,0.5877772831092372,0.048467948142843206
linear,1204,tp,2,0.8548786159548198,0.6105010487862988,0.08198084063882347
linear,1204,tp,4,0.8589831368264665,0.6247264085805706,0.12151816614819645
linear,1204,tp,8,0.8497856936446478,0.65437893533637,0.14823788436954569
linear,1204,tp,16,0.8253486670785763,0.6975396043307664,0.14632197570323913
linear,1204,tp,32,0.8511103129250353,0.7725245585297033,0.12675236967017808
linear,1205,tp,1,0.8638272131071576,0.4826504399027665,0.040996342298679975
linear,1205,tp,2,0.869229765983128,0.5465467479507646,0.07009765289543173
linear,1205,tp,4,0.871853413108501,0.6156562454751903,0.10575771128787144
linear,1205,tp,8,0.8615077858684214,0.6699712753651526,0.13190605980422093
linear,1205,tp,16,0.8351695556436967,0.7144269562455713,0.13251876934538515
linear,1205,tp,32,0.8573193352775873,0.7977434587484443,0.11736182756720005
linear,1206,tp,1,0.8043241701315365,0.5261596322297254,0.04143214795020732
linear,1206,tp,2,0.814872908063014,0.5632348678268915,0.07031129288433564
linear,1206,tp,4,0.8242468157309616,0.5922036715877126,0.10497325621920163
linear,1206,tp,8,0.8179412620156001,0.6164330606513202,0.13021935996707443
linear,1206,tp,16,0.794417619064547,0.6550936969246267,0.13203984417680228
linear,1206,tp,32,0.8451209743009783,0.7768423692844217,0.11094720463079127
linear,1207,tp,1,0.8391803232516727,0.5580389326007908,0.037979715994232936
linear,1207,tp,2,0.8448081095901239,0.5992925183083292,0.0658412668084415
linear,1207,tp,4,0.8497139862163903,0.6532567947541724,0.1010414687972142
linear,1207,tp,8,0.8437414663780353,0.6991613756243255,0.12734089700167342
linear,1207,tp,16,0.8167440677506984,0.7264718876272668,0.12608386863241822
linear,1207,tp,32,0.8379377093475174,0.7943350588776652,0.10806158402386032
linear,1208,tp,1,0.8313748078242461,0.520430771337933,0.040288807523043056
linear,1208,tp,2,0.8409746583991445,0.5737778832095479,0.06648571773854049
linear,1208,tp,4,0.8462000710836989,0.6406398965293947,0.09716075547112903
linear,1208,tp,8,0.8411588946612483,0.6796563851368062,0.12057088139321114
linear,1208,tp,16,0.828596493995721,0.7158386972606499,0.12223832131939302
linear,1208,tp,32,0.8654539840599811,0.8069426476166952,0.10679867379355286
linear,1209,tp,1,0.8611944316217202,0.5543243178072991,0.051463118896150184
linear,1209,tp,2,0.8698605369681575,0.5781534224138443,0.08356911296338732
linear,1209,tp,4,0.8775362286119139,0.6284062212836226,0.11682779054550946
linear,1209,tp,8,0.8712064830279451,0.6886024955890266,0.13580954323016478
linear,1209,tp,16,0.8392795108747289,0.7271804061737122,0.1335928782770692
linear,1209,tp,32,0.858355338039096,0.8100292252696106,0.11459175680988405
linear,1210,tp,1,0.8860585775878919,0.6153484952770695,0.03237720647735627
linear,1210,tp,2,0.8929519852639346,0.6599790766876908,0.05686675614692353
linear,1210,tp,4,0.897829192843465,0.7091064690778033,0.08924820536115159
linear,1210,tp,8,0.8861288066106059,0.7290126866969433,0.11631918385268195
linear,1210,tp,16,0.8519832223819901,0.746935521141072,0.11986665676319043
linear,1210,tp,32,0.8904374339617446,0.8403490298156192,0.10178572141892527
linear,1211,tp,1,0.7114016035978225,0.5857299161152931,0.03728947260158179
linear,1211,tp,2,0.7232784251338007,0.6067157601966426,0.06370923393195214
linear,1211,tp,4,0.7346960772941699,0.6105970859878674,0.0958306430885358
linear,1211,tp,8,0.7303271156371642,0.594671590236909,0.11913184403097453
linear,1211,tp,16,0.7201465633727069,0.6125050700864516,0.11990796180413724
linear,1211,tp,32,0.7905355837125843,0.7083589948062933,0.10556705812270989
linear,1212,tp,1,0.903880365928251,0.5337902071087232,0.038687839903534145
linear,1212,tp,2,0.904319726053123,0.5918323552519944,0.06576052454156876
linear,1212,tp,4,0.8917833093618429,0.6604701068552143,0.0994327275468664
linear,1212,tp,8,0.8481890438654736,0.6962404021359752,0.12733293098990686
linear,1212,tp,16,0.7962805505457622,0.7029667153290309,0.1283050000663891
linear,1212,tp,32,0.8189318392843761,0.7678528314112956,0.10871845310234243
linear,1213,tp,1,0.7788303137926739,0.49454209229266394,0.04601208405457026
linear,1213,tp,2,0.7919977951843121,0.5396779829105599,0.07569408963682123
linear,1213,tp,4,0.7976199909982558,0.5932288032765641,0.10875436471358893
linear,1213,tp,8,0.7696609797463874,0.6247464864147992,0.13171360171056828
linear,1213,tp,16,0.7319149735852342,0.6503774374754206,0.1315470521429747
linear,1213,tp,32,0.783775811669634,0.7466947826296405,0.11487116832957354
linear,1214,tp,1,0.8301833125884348,0.5441544161450361,0.035816836709680284
linear,1214,tp,2,0.8379580126023085,0.5860729688080447,0.061238839655045244
linear,1214,tp,4,0.842519584199267,0.6330719918555242,0.09290178728294368
linear,1214,tp,8,0.8308060602180439,0.67227648621554,0.11794528427694718
linear,1214,tp,16,0.8069812066472057,0.7128715101473494,0.1183911556159557
linear,1214,tp,32,0.8428667195692292,0.7980450820593201,0.09697162559206518
linear,1215,tp,1,0.7895424090137149,0.5838670274492015,0.03948795998245587
linear,1215,tp,2,0.798548206114556,0.6011731016118103,0.06702400537823008
linear,1215,tp,4,0.8012064018188895,0.6136884507955778,0.10050416870305752
linear,1215,tp,8,0.7820070100539573,0.6190430076392801,0.1258296034948748
linear,1215,tp,16,0.748158604266741,0.641301802222438,0.12574293662872052
linear,1215,tp,32,0.8110747555405876,0.7614793588042195,0.10492672168632558
linear,1216,tp,1,0.8129054284092159,0.57037958763375,0.04585637202055077
linear,1216,tp,2,0.8195954297166057,0.6044500092411709,0.07685919219991087
linear,1216,tp,4,0.8152274841835911,0.6169601442873957,0.11196666676732094
linear,1216,tp,8,0.7688239729760457,0.6068496726499595,0.1341321219186628
linear,1216,tp,16,0.7183503542916443,0.6101178271021955,0.1365078238327813
linear,1216,tp,32,0.767878300031164,0.698907926397245,0.11858854785778986
linear,1217,tp,1,0.8317142067673694,0.5400462701269498,0.038933826110373444
linear,1217,tp,2,0.8391975050604159,0.576911535005309,0.06641082519332668
linear,1217,tp,4,0.8452617350718454,0.6160745071956926,0.09965478931403297
linear,1217,tp,8,0.8372080406027845,0.6559472335265286,0.12322611684859973
linear,1217,tp,16,0.8058028789071993,0.6902398775626437,0.12358237958857912
linear,1217,tp,32,0.8248734680011639,0.7676154722136114,0.1095232825996238
linear,1218,tp,1,0.8550409539860965,0.6285346233351646,0.03883232364853416
linear,1218,tp,2,0.863597868727876,0.6590044326432258,0.06689457875581625
linear,1218,tp,4,0.8721112360540062,0.6817532576482149,0.10191697608987207
linear,1218,tp,8,0.8693213524065542,0.69465410202708,0.12818820989515584
linear,1218,tp,16,0.843029035910957,0.7281494967181533,0.12970919977422826
linear,1218,tp,32,0.8692651624973057,0.8179059714684238,0.11479623405724997
linear,1219,tp,1,0.8661563361344162,0.5453562528599724,0.04312382973043669
linear,1219,tp,2,0.8722982445239824,0.5976260155142665,0.07294994059630783
linear,1219,tp,4,0.8723687991330968,0.6601119674971878,0.1084362200218541
linear,1219,tp,8,0.8511919306456004,0.7017847445532439,0.1333636321799414
linear,1219,tp,16,0.8175202060617496,0.72825434588267,0.13119351346615718
linear,1219,tp,32,0.8516176660515441,0.8088171456821664,0.1102700266563997
nonlinear,1200,pc,1,0.7661461875124987,0.48906865264670873,0.026894872744130032
nonlinear,1200,pc,2,0.7798853361039257,0.5256737566846061,0.04598737316357556
nonlinear,1200,pc,4,0.7962224909613099,0.5678090778745069,0.07062681789155208
nonlinear,1200,pc,8,0.8033099275528754,0.6027970362364296,0.09509228477146475
nonlinear,1200,pc,16,0.787851772643221,0.6140209088780851,0.11443432937871188
nonlinear,1200,pc,32,0.7596511428106228,0.5903469879612239,0.12999169099295999
nonlinear,1201,pc,1,0.8624280413408509,0.4630739580440662,0.027714298436082408
nonlinear,1201,pc,2,0.869139729383965,0.5151422318645877,0.047730251213650106
nonlinear,1201,pc,4,0.8724120771087579,0.568607770710901,0.07396377404241228
nonlinear,1201,pc,8,0.8599233331625203,0.6024634783727532,0.10025581245038609
nonlinear,1201,pc,16,0.8305881399067779,0.6058968394265531,0.11961756291747257
nonlinear,1201,pc,32,0.7986630223944837,0.5882111261915463,0.1316405223541609
nonlinear,1202,pc,1,0.824934254062879,0.5712011536603668,0.03245626962892825
nonlinear,1202,pc,2,0.8332054760463784,0.6047960246649177,0.054201099780384634
nonlinear,1202,pc,4,0.8325924622394987,0.6377375048219337,0.0803090203576508
nonlinear,1202,pc,8,0.8014099961864672,0.6474500429357871,0.10362498039324976
nonlinear,1202,pc,16,0.7423748266331197,0.6216678389325961,0.11978293390172881
nonlinear,1202,pc,32,0.6905873966348556,0.5822882456641205,0.13025294708836144
nonlinear,1203,pc,1,0.7994405293769477,0.42763759785612804,0.03286651013096342
nonlinear,1203,pc,2,0.8100643517186211,0.47198962081585377,0.05368620153424328
nonlinear,1203,pc,4,0.8164430679793806,0.5102375147572829,0.0771831138535437
nonlinear,1203,pc,8,0.8045193429042451,0.5295390392086947,0.09660886867710108
nonlinear,1203,pc,16,0.7685415260373153,0.5302976241523643,0.10974050973936421
nonlinear,1203,pc,32,0.7296456047548691,0.5226863701850712,0.11938095846846397
nonlinear,1204,pc,1,0.848259813935786,0.5356544355436738,0.030527094261850303
nonlinear,1204,pc,2,0.8555754799390193,0.5744904845703593,0.05147413640402143
nonlinear,1204,pc,4,0.8581127090874565,0.6062284053988086,0.07689867699017633
nonlinear,1204,pc,8,0.8425985913217074,0.6219462278983195,0.09915313037420238
nonlinear,1204,pc,16,0.8079519851117342,0.6239332791689155,0.11354769500460823
nonlinear,1204,pc,32,0.7687734650837836,0.6118165890342626,0.12227853640607032
nonlinear,1205,pc,1,0.8596881427132387,0.4767742827217041,0.025110808199247582
nonlinear,1205,pc,2,0.8659855398210448,0.5338075026715217,0.04305583558175457
nonlinear,1205,pc,4,0.8656678860289552,0.5934242945735678,0.06643220995781947
nonlinear,1205,pc,8,0.8440744445740648,0.6244189753336151,0.0901024907095133
nonlinear,1205,pc,16,0.8042905122639035,0.6157701375564624,0.10841694159497264
nonlinear,1205,pc,32,0.7666857715077388,0.5858823727174565,0.12036514691229151
nonlinear,1206,pc,1,0.5803008791867627,0.4166044580876199,0.03834791049179584
nonlinear,1206,pc,2,0.6125535296290358,0.43658103724189734,0.06336475506644597
nonlinear,1206,pc,4,0.6607585896468676,0.4561258326059308,0.09168777502599212
nonlinear,1206,pc,8,0.7044656530352761,0.48224394950592453,0.11402471743568475
nonlinear,1206,pc,16,0.7139381933166931,0.4984141260623174,0.12840236931367374
nonlinear,1206,pc,32,0.7086801502178474,0.4956551390443969,0.13921670527116156
nonlinear,1207,pc,1,0.8271070912873064,0.5321666944871285,0.028158067020715192
nonlinear,1207,pc,2,0.8361138748821135,0.5631551963887412,0.04840958614643538
nonlinear,1207,pc,4,0.8431202652931705,0.5950715736636778,0.07462747479901889
nonlinear,1207,pc,8,0.8357599215541113,0.623608865423367,0.09990937139470676
nonlinear,1207,pc,16,0.8081780488313504,0.6388400603287518,0.1175821099118938
nonlinear,1207,pc,32,0.776522652234304,0.6371302930228361,0.12871177273108522
nonlinear,1208,pc,1,0.701480598106984,0.41883926253608317,0.03223378006843837
nonlinear,1208,pc,2,0.7198394947002746,0.45326303492423525,0.051998204199948495
nonlinear,1208,pc,4,0.7357850749736158,0.49270483252079805,0.07427739284323977
nonlinear,1208,pc,8,0.7330091349674014,0.5149277162844201,0.09513702920773244
nonlinear,1208,pc,16,0.7153656604809138,0.5083865605749378,0.11292345229131039
nonlinear,1208,pc,32,0.6991831151611734,0.4882359975363782,0.12613571005887714
nonlinear,1209,pc,1,0.9163775822984779,0.508752169761291,0.036349127821107004
nonlinear,1209,pc,2,0.9202804128572979,0.5682313222186678,0.05996450030702297
nonlinear,1209,pc,4,0.9214957884952782,0.6297944208544396,0.08680053928503048
nonlinear,1209,pc,8,0.909881645709142,0.6606531513782576,0.10851857662865534
nonlinear,1209,pc,16,0.8816367479942667,0.6500191261917058,0.1220437494265788
nonlinear,1209,pc,32,0.8497797750945556,0.6209264399991389,0.1307381667013922
nonlinear,1210,pc,1,0.8633090382228347,0.5574055142351589,0.031028224665070686
nonlinear,1210,pc,2,0.8698254006431728,0.6063718550943883,0.053792889366158524
nonlinear,1210,pc,4,0.8724985643512935,0.6580332492910627,0.08400186866265051
nonlinear,1210,pc,8,0.8574386949996734,0.6706506809555398,0.11431180941360104
nonlinear,1210,pc,16,0.8202278026644584,0.6460366918251398,0.13568915183782668
nonlinear,1210,pc,32,0.7870999179451215,0.6148751780844328,0.14676586298280345
nonlinear,1211,pc,1,0.7527798458939725,0.5260331371464322,0.026897703124720444
nonlinear,1211,pc,2,0.7673489941527769,0.5541861541983629,0.045739820432891626
nonlinear,1211,pc,4,0.7837155581930293,0.5759664533511732,0.06959562069194458
nonlinear,1211,pc,8,0.7897110854599338,0.5774987622125433,0.09232203842800271
nonlinear,1211,pc,16,0.7742300134642024,0.5652045168069546,0.10873908559719364
nonlinear,1211,pc,32,0.7422742162979468,0.5432670257773181,0.12052607411686479
nonlinear,1212,pc,1,0.8705453760404874,0.5258512826244932,0.02549421735627144
nonlinear,1212,pc,2,0.876635506488013,0.5800136152149337,0.043400052505121654
nonlinear,1212,pc,4,0.8793286604899561,0.6480675174362781,0.0664352817800625
nonlinear,1212,pc,8,0.8703894686495584,0.7007112187384958,0.0895438636014896
nonlinear,1212,pc,16,0.8495910530494584,0.7154490353272511,0.10674726381352968
nonlinear,1212,pc,32,0.8260884679562127,0.7023687207950764,0.11716858388399046
nonlinear,1213,pc,1,0.7720291646997081,0.45494917250227007,0.037316086483632875
nonlinear,1213,pc,2,0.7845824238121917,0.4969068528123146,0.06162580853619946
nonlinear,1213,pc,4,0.7924832165561587,0.5345540795181691,0.09005746985686586
nonlinear,1213,pc,8,0.7790236629670897,0.5423523013002524,0.11550477969092411
nonlinear,1213,pc,16,0.7484365144756465,0.5206521040947732,0.13383738487022562
nonlinear,1213,pc,32,0.7113811796718261,0.49001575552867505,0.1460561170332478
nonlinear,1214,pc,1,0.7646435017783003,0.5478329133381225,0.026036923263215384
nonlinear,1214,pc,2,0.7776288796089303,0.5742880307033503,0.04441095930236107
nonlinear,1214,pc,4,0.788048495757755,0.6035967707535889,0.06804220736637985
nonlinear,1214,pc,8,0.7824877842378701,0.6252316549579431,0.09156763896571199
nonlinear,1214,pc,16,0.7590506464787684,0.6307797158722559,0.1092180677658352
nonlinear,1214,pc,32,0.7321775890414935,0.6210118665757349,0.12012537503165355
nonlinear,1215,pc,1,0.8282671986228938,0.5452097440819214,0.026879709141331126
nonlinear,1215,pc,2,0.836568705156452,0.5830312541725846,0.04604026106250545
nonlinear,1215,pc,4,0.8397193836333572,0.629333770988635,0.07090207287523143
nonlinear,1215,pc,8,0.8251507276684917,0.6636959556595863,0.09569733940960648
nonlinear,1215,pc,16,0.7949700983384611,0.6616783330248971,0.11414621577653175
nonlinear,1215,pc,32,0.7690805953088905,0.6347674453723374,0.12558183903790968
nonlinear,1216,pc,1,0.8184185175888545,0.5321488666627587,0.030343107898727937
nonlinear,1216,pc,2,0.8274325106095642,0.5849455331147915,0.05152843974625821
nonlinear,1216,pc,4,0.8301134184256255,0.6336555712873913,0.07793406801752868
nonlinear,1216,pc,8,0.8091831083964255,0.6346346796343607,0.10169496970873754
nonlinear,1216,pc,16,0.7714213256490834,0.6127715736771006,0.11602995119566215
nonlinear,1216,pc,32,0.7396147233490321,0.59073789904051,0.12370548554651135
nonlinear,1217,pc,1,0.8968953583975677,0.48332824039442024,0.025453911738656524
nonlinear,1217,pc,2,0.9019369380522908,0.5363681369650501,0.04406695225050735
nonlinear,1217,pc,4,0.9059762871881678,0.5888295856248281,0.06856901843790175
nonlinear,1217,pc,8,0.9006867944292887,0.622066592014258,0.09256462977186303
nonlinear,1217,pc,16,0.8733250861850582,0.6253688692889219,0.10952550267101925
nonlinear,1217,pc,32,0.8337365059134765,0.6048174730808913,0.12084610019361516
nonlinear,1218,pc,1,0.8717262244220348,0.5289730030779507,0.02981206170902565
nonlinear,1218,pc,2,0.8773550846715711,0.5816244373645848,0.0505300376630146
nonlinear,1218,pc,4,0.8756660413137564,0.6446405327440158,0.07634705944561837
nonlinear,1218,pc,8,0.8503375130512526,0.6842636211764529,0.10033630769864382
nonlinear,1218,pc,16,0.8036364314738099,0.6735415968781738,0.11728545763927878
nonlinear,1218,pc,32,0.7605411770273703,0.6367079326983904,0.12893939142414446
nonlinear,1219,pc,1,0.8725313569507562,0.5419248245305092,0.025383949766110202
nonlinear,1219,pc,2,0.87798290139783,0.5851416059401437,0.04356808056237973
nonlinear,1219,pc,4,0.8759829384182002,0.6335879775467916,0.06734246105394656
nonlinear,1219,pc,8,0.8492360045558135,0.6627311844688826,0.09163948843675761
nonlinear,1219,pc,16,0.7963262046272668,0.6584210844407885,0.11109754847803152
nonlinear,1219,pc,32,0.7445466731801307,0.6346628243549606,0.12426339901781645
nonlinear,1200,pcalm,1,0.7661461875124987,0.48906865264670873,0.026894872744130032
nonlinear,1200,pcalm,2,0.7811593236429069,0.537059990718656,0.04541032302734789
nonlinear,1200,pcalm,4,0.801423446633876,0.6187689906513607,0.0671530803744084
nonlinear,1200,pcalm,8,0.8202039556631803,0.7247284570454158,0.08172825867218106
nonlinear,1200,pcalm,16,0.8380391063869908,0.7994039814327841,0.08008735826652033
nonlinear,1200,pcalm,32,0.8943715328245639,0.871747469337009,0.06267786670707232
nonlinear,1201,pcalm,1,0.8624280413408509,0.4630739580440662,0.027714298436082408
nonlinear,1201,pcalm,2,0.8697294150743542,0.5299563834397916,0.0471080829799135
nonlinear,1201,pcalm,4,0.8738878695806082,0.6279338358600052,0.07017522686875455
nonlinear,1201,pcalm,8,0.8626065899439594,0.7321730681222589,0.08615928452510585
nonlinear,1201,pcalm,16,0.8541459625182396,0.80098349898904,0.08401020068259599
nonlinear,1201,pcalm,32,0.9045995236033082,0.8783051167924583,0.06399964541430353
nonlinear,1202,pcalm,1,0.824934254062879,0.5712011536603668,0.03245626962892825
nonlinear,1202,pcalm,2,0.8339431792076135,0.615764272286964,0.05343317378078319
nonlinear,1202,pcalm,4,0.8345145733630598,0.685941809840408,0.07605463379995213
nonlinear,1202,pcalm,8,0.808822208156468,0.7504855788771726,0.08928016155072348
nonlinear,1202,pcalm,16,0.7921798406241259,0.7761816727749246,0.08501986529621468
nonlinear,1202,pcalm,32,0.8449070724438528,0.8323820721915394,0.06595549419086094
nonlinear,1203,pcalm,1,0.7994405293769477,0.42763759785612804,0.03286651013096342
nonlinear,1203,pcalm,2,0.8115063380750868,0.489793089326354,0.053094715940427785
nonlinear,1203,pcalm,4,0.8247103062814337,0.5809748785926527,0.07363976265048452
nonlinear,1203,pcalm,8,0.8336562509238564,0.6893635575733967,0.0834955264028483
nonlinear,1203,pcalm,16,0.8379669548687789,0.7769627055618933,0.07812705109398521
nonlinear,1203,pcalm,32,0.8800253165387435,0.8559885249425074,0.05989262221829884
nonlinear,1204,pcalm,1,0.848259813935786,0.5356544355436738,0.030527094261850303
nonlinear,1204,pcalm,2,0.8562793225158866,0.5887519028934305,0.05091000085186992
nonlinear,1204,pcalm,4,0.8608842150908365,0.6666727726595943,0.0734052814839716
nonlinear,1204,pcalm,8,0.8530960097993062,0.7517237390593261,0.08559653661238156
nonlinear,1204,pcalm,16,0.8447163996131412,0.8050402555581334,0.08003284198992275
nonlinear,1204,pcalm,32,0.8820989744047487,0.8576864624090331,0.06179285068443743
nonlinear,1205,pcalm,1,0.8596881427132387,0.4767742827217041,0.025110808199247582
nonlinear,1205,pcalm,2,0.8667472233383641,0.549922654189065,0.042579696375804846
nonlinear,1205,pcalm,4,0.8691848946929674,0.6582336927006314,0.06344423262297834
nonlinear,1205,pcalm,8,0.8570888510327836,0.7589495419883974,0.07798831622986524
nonlinear,1205,pcalm,16,0.8474034295722388,0.8117865530348779,0.07452731843280526
nonlinear,1205,pcalm,32,0.8880615084415705,0.8750680566688951,0.05485977050493062
nonlinear,1206,pcalm,1,0.5803008791867627,0.4166044580876199,0.03834791049179584
nonlinear,1206,pcalm,2,0.61534598474401,0.447652776142976,0.06247734750172416
nonlinear,1206,pcalm,4,0.6726977030925403,0.5110127421265087,0.08659602327673405
nonlinear,1206,pcalm,8,0.7400151671215099,0.6253935539418537,0.09730167601050004
nonlinear,1206,pcalm,16,0.7967879833702418,0.7321278916355788,0.09395430329786482
nonlinear,1206,pcalm,32,0.8860114640608292,0.834976052329274,0.07720568836606093
nonlinear,1207,pcalm,1,0.8271070912873064,0.5321666944871285,0.028158067020715192
nonlinear,1207,pcalm,2,0.8369715918865315,0.5748077626514776,0.04785855209700464
nonlinear,1207,pcalm,4,0.8465508036841198,0.6468198792729599,0.07121693014620734
nonlinear,1207,pcalm,8,0.8475056897743561,0.7446882110362422,0.08641226230455835
nonlinear,1207,pcalm,16,0.8479804283438375,0.8154467087416145,0.08132150590486974
nonlinear,1207,pcalm,32,0.900764453432362,0.8855693023710226,0.0605960527164965
nonlinear,1208,pcalm,1,0.701480598106984,0.41883926253608317,0.03223378006843837
nonlinear,1208,pcalm,2,0.7218503150459423,0.4658850468322103,0.051341250087480486
nonlinear,1208,pcalm,4,0.7458884457512015,0.547793995248521,0.07056257176192471
nonlinear,1208,pcalm,8,0.7664690738530429,0.6528739746373071,0.08216430333674707
nonlinear,1208,pcalm,16,0.7991896505869286,0.7498273800398099,0.07944763581490989
nonlinear,1208,pcalm,32,0.8678006642032484,0.8415223426563526,0.060646963113826176
nonlinear,1209,pcalm,1,0.9163775822984779,0.508752169761291,0.036349127821107004
nonlinear,1209,pcalm,2,0.9207416503766326,0.5869970784562639,0.059306001319068484
nonlinear,1209,pcalm,4,0.9238745005509641,0.7031830555290727,0.08278672246789909
nonlinear,1209,pcalm,8,0.9190648651434841,0.808427303787897,0.09362490744190329
nonlinear,1209,pcalm,16,0.9096753794287508,0.8588368772685495,0.08783090831652143
nonlinear,1209,pcalm,32,0.9339943812868212,0.9061054117380943,0.06982327422329619
nonlinear,1210,pcalm,1,0.8633090382228347,0.5574055142351589,0.031028224665070686
nonlinear,1210,pcalm,2,0.8705547842202408,0.6194199995566003,0.0531702110639365
nonlinear,1210,pcalm,4,0.8755480522138138,0.7138736011907358,0.07998374838385608
nonlinear,1210,pcalm,8,0.8649814831787581,0.78095530682769,0.09831110499227537
nonlinear,1210,pcalm,16,0.8394577086751743,0.7934873472869175,0.09467085695697343
nonlinear,1210,pcalm,32,0.8920507607065136,0.8574036571037447,0.07330057463996427
nonlinear,1211,pcalm,1,0.7527798458939725,0.5260331371464322,0.026897703124720444
nonlinear,1211,pcalm,2,0.7685736520914667,0.5641230513767581,0.045028363767819594
nonlinear,1211,pcalm,4,0.7874531610527753,0.6220480945792479,0.06554141065340915
nonlinear,1211,pcalm,8,0.7983740317505512,0.6927776675972539,0.07880528483677916
nonlinear,1211,pcalm,16,0.8118629507067749,0.7543107836715381,0.07830785955088965
nonlinear,1211,pcalm,32,0.8728479969316397,0.8327062277164743,0.06309062591204942
nonlinear,1212,pcalm,1,0.8705453760404874,0.5258512826244932,0.02549421735627144
nonlinear,1212,pcalm,2,0.8772736750016364,0.5937964573860309,0.04289651575927988
nonlinear,1212,pcalm,4,0.881688725621628,0.7055838137845807,0.06335418334120974
nonlinear,1212,pcalm,8,0.8775850547932644,0.8118764748866929,0.07752186078525351
nonlinear,1212,pcalm,16,0.8796330776052377,0.8557243449909515,0.0736152703238848
nonlinear,1212,pcalm,32,0.9214444796559771,0.9046468992306983,0.05470121893902574
nonlinear,1213,pcalm,1,0.7720291646997081,0.45494917250227007,0.037316086483632875
nonlinear,1213,pcalm,2,0.785935753455659,0.5119220828461697,0.060738195184224485
nonlinear,1213,pcalm,4,0.7983298108255782,0.5972667329462605,0.08504587438704679
nonlinear,1213,pcalm,8,0.7961582532569549,0.6785386542629447,0.09867504454319309
nonlinear,1213,pcalm,16,0.7912766010457709,0.7277088795489333,0.09749613603140835
nonlinear,1213,pcalm,32,0.841081519534365,0.8068118745586108,0.07927019444249973
nonlinear,1214,pcalm,1,0.7646435017783003,0.5478329133381225,0.026036923263215384
nonlinear,1214,pcalm,2,0.7788751842256795,0.5832617038547141,0.04385635866431304
nonlinear,1214,pcalm,4,0.7928827985151835,0.6454307183531098,0.06473692081342966
nonlinear,1214,pcalm,8,0.7971018672169164,0.7299896309923882,0.07908330974784465
nonlinear,1214,pcalm,16,0.8037771847478348,0.7938032475044952,0.07550633328704234
nonlinear,1214,pcalm,32,0.8588536208332219,0.8605797881342256,0.05654446282529371
nonlinear,1215,pcalm,1,0.8282671986228938,0.5452097440819214,0.026879709141331126
nonlinear,1215,pcalm,2,0.8373514282377765,0.5941057361983624,0.04546797955593349
nonlinear,1215,pcalm,4,0.8422001084334065,0.677997531467626,0.06746783962177547
nonlinear,1215,pcalm,8,0.8329156033581643,0.7678652954323124,0.08256231582795559
nonlinear,1215,pcalm,16,0.8292926943417381,0.8099398968743542,0.07929575521317851
nonlinear,1215,pcalm,32,0.8833933889814571,0.8736615807702129,0.059419586459329723
nonlinear,1216,pcalm,1,0.8184185175888545,0.5321488666627587,0.030343107898727937
nonlinear,1216,pcalm,2,0.8282735779910003,0.5987857975795055,0.05092245883873255
nonlinear,1216,pcalm,4,0.8330656410635149,0.6919147804018394,0.07428129151505078
nonlinear,1216,pcalm,8,0.8206704560145891,0.7544021085718009,0.08773057458659655
nonlinear,1216,pcalm,16,0.822333455894162,0.7927715866341871,0.08161080704394064
nonlinear,1216,pcalm,32,0.8772252213539474,0.8554623827910438,0.06410197711727597
nonlinear,1217,pcalm,1,0.8968953583975677,0.48332824039442024,0.025453911738656524
nonlinear,1217,pcalm,2,0.9024517900286667,0.5529628071545707,0.04361240511977634
nonlinear,1217,pcalm,4,0.9082401212333737,0.6570804873685413,0.06559564259252079
nonlinear,1217,pcalm,8,0.9085489348503284,0.7726807586505363,0.08006770645001973
nonlinear,1217,pcalm,16,0.9000089294728926,0.8451814342517798,0.07579758137004781
nonlinear,1217,pcalm,32,0.9322331976501577,0.9115846262719713,0.05595149657036563
nonlinear,1218,pcalm,1,0.8717262244220348,0.5289730030779507,0.02981206170902565
nonlinear,1218,pcalm,2,0.8778533575291532,0.5954460125331101,0.04984262297621394
nonlinear,1218,pcalm,4,0.8765352017241927,0.7007072716348278,0.07230046826096943
nonlinear,1218,pcalm,8,0.8518393050094877,0.7883339211766192,0.08591744949510324
nonlinear,1218,pcalm,16,0.8286365955273728,0.8107020316110495,0.0831810597252593
nonlinear,1218,pcalm,32,0.880937783213187,0.867785262745689,0.06661535745751729
nonlinear,1219,pcalm,1,0.8725313569507562,0.5419248245305092,0.025383949766110202
nonlinear,1219,pcalm,2,0.8786516516846121,0.5974635902942871,0.043070563370842176
nonlinear,1219,pcalm,4,0.8790506468587378,0.6862805729847541,0.06423975859271816
nonlinear,1219,pcalm,8,0.8607850249748585,0.779497679815914,0.07917581382931213
nonlinear,1219,pcalm,16,0.8374159481075377,0.8231370299574585,0.07672181405253306
nonlinear,1219,pcalm,32,0.8742564604219882,0.8758856467710572,0.056829596719949936
nonlinear,1200,shuffle,1,0.7596711924286992,0.49188683717134307,0.026894872744130032
nonlinear,1200,shuffle,2,0.7766300209249857,0.542115779730855,0.04517199552639287
nonlinear,1200,shuffle,4,0.7989555425937007,0.6260538927182542,0.06636627618518265
nonlinear,1200,shuffle,8,0.8169257813523757,0.7301464980921043,0.08046689425427822
nonlinear,1200,shuffle,16,0.8256793153109618,0.793916234229537,0.0811828001400331
nonlinear,1200,shuffle,32,0.8650257786334046,0.8466312130916186,0.0756431452651028
nonlinear,1201,shuffle,1,0.8572342311506068,0.4638782919554838,0.027714298436082408
nonlinear,1201,shuffle,2,0.8646845373510335,0.5307678377422018,0.04707661365942615
nonlinear,1201,shuffle,4,0.868462033987561,0.6271772698392958,0.07006287828816435
nonlinear,1201,shuffle,8,0.8535711629740433,0.7263017816158743,0.08598267882959018
nonlinear,1201,shuffle,16,0.8365809087270509,0.7859293226300866,0.0855525708572068
nonlinear,1201,shuffle,32,0.8831998647852647,0.8544689617624738,0.07937637441108193
nonlinear,1202,shuffle,1,0.8210555813132329,0.5728234085837379,0.03245626962892825
nonlinear,1202,shuffle,2,0.8293421936712054,0.6183663211717286,0.053323259502222574
nonlinear,1202,shuffle,4,0.8268685725930894,0.6878043373643952,0.07572888878164402
nonlinear,1202,shuffle,8,0.7985120229513897,0.7473800662424949,0.0885779278864233
nonlinear,1202,shuffle,16,0.7844568883109979,0.7718629012245533,0.08554370597735256
nonlinear,1202,shuffle,32,0.8236571343097457,0.8146068219050449,0.07773831391391764
nonlinear,1203,shuffle,1,0.79273058609538,0.4274481523224873,0.03286651013096342
nonlinear,1203,shuffle,2,0.8032772396147224,0.48843303472598926,0.05313624337375435
nonlinear,1203,shuffle,4,0.8140969919251604,0.5759526486768463,0.07383416644076533
nonlinear,1203,shuffle,8,0.8183266086360693,0.6768370517316474,0.08403445997028716
nonlinear,1203,shuffle,16,0.8128390650718876,0.7525193550601479,0.07987245276075133
nonlinear,1203,shuffle,32,0.8481781624184576,0.8223799196755676,0.07116218234228028
nonlinear,1204,shuffle,1,0.838361593925866,0.5355882737538297,0.030527094261850303
nonlinear,1204,shuffle,2,0.845748345514071,0.5880461458317996,0.05092563839061619
nonlinear,1204,shuffle,4,0.848327329169318,0.6634032995954431,0.07347427479192993
nonlinear,1204,shuffle,8,0.8372530816038668,0.7425148101106951,0.08563319320965591
nonlinear,1204,shuffle,16,0.8223582164506466,0.7862305898095981,0.0815612535302481
nonlinear,1204,shuffle,32,0.8470496112408299,0.8230969679403017,0.07261724728367093
nonlinear,1205,shuffle,1,0.8538661278925848,0.478860624033727,0.025110808199247582
nonlinear,1205,shuffle,2,0.8616618632833679,0.5530681512564063,0.042500758194483575
nonlinear,1205,shuffle,4,0.8644642514966742,0.660993901632683,0.06323976988223605
nonlinear,1205,shuffle,8,0.8524981596222895,0.7594412344393852,0.0777877303796357
nonlinear,1205,shuffle,16,0.8456443762518177,0.8124748365721617,0.07505412560376587
nonlinear,1205,shuffle,32,0.8843731350434592,0.8711691160608638,0.0636008084013393
nonlinear,1206,shuffle,1,0.5760509415579763,0.41618082856126715,0.03834791049179584
nonlinear,1206,shuffle,2,0.6019687290163248,0.4443817592479081,0.06242082885126672
nonlinear,1206,shuffle,4,0.6419696115125465,0.4958866527115745,0.0865248639050728
nonlinear,1206,shuffle,8,0.6826228922780221,0.5817830501029335,0.09790961306483344
nonlinear,1206,shuffle,16,0.7133567401110793,0.6575315523955304,0.09944435667261681
nonlinear,1206,shuffle,32,0.8060307724112168,0.7554936584396326,0.09507886215061792
nonlinear,1207,shuffle,1,0.8206582785756514,0.5349875245846369,0.028158067020715192
nonlinear,1207,shuffle,2,0.8321762467281557,0.5801354307681359,0.04777680411122658
nonlinear,1207,shuffle,4,0.8455065617987428,0.6552899094466922,0.07094209535652227
nonlinear,1207,shuffle,8,0.8521244815138024,0.7547843901747585,0.0862026850383053
nonlinear,1207,shuffle,16,0.8562234392131949,0.8253155615703958,0.08170237841154382
nonlinear,1207,shuffle,32,0.9027197064144892,0.8904984982050459,0.06470721079129381
nonlinear,1208,shuffle,1,0.6973746552067795,0.4189311476245144,0.03223378006843837
nonlinear,1208,shuffle,2,0.7153243240798056,0.4650056089950537,0.05131568634821438
nonlinear,1208,shuffle,4,0.7348760224926469,0.5428596672343398,0.0705685411108816
nonlinear,1208,shuffle,8,0.7473666563226197,0.6386710246075944,0.08260231084930851
nonlinear,1208,shuffle,16,0.7722656487642781,0.7265664089818968,0.08131637526530208
nonlinear,1208,shuffle,32,0.8463147921808944,0.8209060032424146,0.07082258072556256
nonlinear,1209,shuffle,1,0.9111030458765811,0.5167895778587392,0.036349127821107004
nonlinear,1209,shuffle,2,0.9149234441075843,0.6004575559930849,0.05899836154345255
nonlinear,1209,shuffle,4,0.9161870497258995,0.7174933785971327,0.08178325125420371
nonlinear,1209,shuffle,8,0.9073077750228957,0.8112427622174652,0.0920131169148511
nonlinear,1209,shuffle,16,0.8871424541272265,0.8424373757713454,0.08991266461650049
nonlinear,1209,shuffle,32,0.890423621911397,0.864016054129214,0.0874743985901475
nonlinear,1210,shuffle,1,0.8543812692579048,0.5589397078058058,0.031028224665070686
nonlinear,1210,shuffle,2,0.8618924459283437,0.6216606385421096,0.053035357069081114
nonlinear,1210,shuffle,4,0.8673225229384879,0.7145724407742848,0.07942496777969861
nonlinear,1210,shuffle,8,0.8550439641847839,0.7761157424599802,0.0970472434050965
nonlinear,1210,shuffle,16,0.8143073696178031,0.7734603761629837,0.09621487131437481
nonlinear,1210,shuffle,32,0.8375211545157835,0.8037578444134934,0.09140454630162147
nonlinear,1211,shuffle,1,0.7461065146374126,0.5300105880276484,0.026897703124720444
nonlinear,1211,shuffle,2,0.7620449581927836,0.5706642934833577,0.04474751607299656
nonlinear,1211,shuffle,4,0.7781550324403788,0.6287334855103126,0.06475857069302969
nonlinear,1211,shuffle,8,0.7811243089665375,0.6891685274283547,0.07781967080995625
nonlinear,1211,shuffle,16,0.7808483669994266,0.7309373829940866,0.08016656500134774
nonlinear,1211,shuffle,32,0.826939579767535,0.7901646428797138,0.07662715118238066
nonlinear,1212,shuffle,1,0.8669400839808596,0.5259256515339259,0.02549421735627144
nonlinear,1212,shuffle,2,0.8759236811311384,0.5938051506755921,0.04286062163000241
nonlinear,1212,shuffle,4,0.8825002589939855,0.7054483793525196,0.0633140423036105
nonlinear,1212,shuffle,8,0.8790155211252314,0.812077688118474,0.07760354182427426
nonlinear,1212,shuffle,16,0.8778148215731768,0.854161167787717,0.07471457350800599
nonlinear,1212,shuffle,32,0.9095698299375725,0.8943852189955838,0.06419496364195094
nonlinear,1213,shuffle,1,0.7658630632791853,0.4551450312847865,0.037316086483632875
nonlinear,1213,shuffle,2,0.7816406914513252,0.5116301626198504,0.0606391673362027
nonlinear,1213,shuffle,4,0.795634176802158,0.5952449540816473,0.08499820716049757
nonlinear,1213,shuffle,8,0.790598186544685,0.6729169400172754,0.09933688952897239
nonlinear,1213,shuffle,16,0.7745880354604259,0.712375349379195,0.0990913752266536
nonlinear,1213,shuffle,32,0.8016690276885392,0.7681509691178867,0.09469795596617739
nonlinear,1214,shuffle,1,0.7580934600689547,0.5491092837074175,0.026036923263215384
nonlinear,1214,shuffle,2,0.7734216723887949,0.585146391469028,0.043723040414248966
nonlinear,1214,shuffle,4,0.7874644407273985,0.6466959808160543,0.06437574535980121
nonlinear,1214,shuffle,8,0.7884627122126033,0.7267391236201897,0.07875121722595864
nonlinear,1214,shuffle,16,0.7900353496084197,0.7838607928319923,0.076586204573911
nonlinear,1214,shuffle,32,0.8409578434217617,0.8455894304003837,0.06591215603199252
nonlinear,1215,shuffle,1,0.821318707727025,0.5458706008970995,0.026879709141331126
nonlinear,1215,shuffle,2,0.8316196015323051,0.5946894034204933,0.04541424494206731
nonlinear,1215,shuffle,4,0.8360903552757561,0.6768879489967449,0.06739361249570659
nonlinear,1215,shuffle,8,0.8226818381925396,0.7617523915270553,0.0827057299514353
nonlinear,1215,shuffle,16,0.8117091737546722,0.795790944120969,0.08102781835029137
nonlinear,1215,shuffle,32,0.8578438485200697,0.8493755513627184,0.07241449379148951
nonlinear,1216,shuffle,1,0.8123807380339122,0.5343809612847212,0.030343107898727937
nonlinear,1216,shuffle,2,0.8238368808989106,0.6026467486065705,0.050777736222981054
nonlinear,1216,shuffle,4,0.8291915159824288,0.6962302929723285,0.07383981674703863
nonlinear,1216,shuffle,8,0.8159158339570166,0.755418684318544,0.08704506719665958
nonlinear,1216,shuffle,16,0.8170787256103278,0.7896719662556013,0.08286407756215526
nonlinear,1216,shuffle,32,0.8668303504226152,0.8440215324588345,0.07637143245816627
nonlinear,1217,shuffle,1,0.8865319641253183,0.49084121236123224,0.025453911738656524
nonlinear,1217,shuffle,2,0.8946261313653792,0.5656909076679524,0.04344888562577043
nonlinear,1217,shuffle,4,0.9045131434871313,0.673001087359275,0.06500327268902537
nonlinear,1217,shuffle,8,0.9088331479469135,0.7844886894130004,0.07913769254794922
nonlinear,1217,shuffle,16,0.8991182622942133,0.8489789105680741,0.07646069257947091
nonlinear,1217,shuffle,32,0.9244987583159379,0.9051975687112852,0.06429567656056824
nonlinear,1218,shuffle,1,0.8657359923944725,0.5281223686984279,0.02981206170902565
nonlinear,1218,shuffle,2,0.8718636897200767,0.5940154576581195,0.049848961655001855
nonlinear,1218,shuffle,4,0.8702417522834115,0.6984623296948598,0.07227368089155504
nonlinear,1218,shuffle,8,0.8448699504236862,0.7840662223354319,0.08566460942021313
nonlinear,1218,shuffle,16,0.8175695764593797,0.8014668705597142,0.08424447480453061
nonlinear,1218,shuffle,32,0.858337236080071,0.8466796233191826,0.0783619002168116
nonlinear,1219,shuffle,1,0.8658251602725808,0.5415242585969394,0.025383949766110202
nonlinear,1219,shuffle,2,0.8732767066837038,0.5966190443631424,0.04300980659869053
nonlinear,1219,shuffle,4,0.8740308627789175,0.6846679814557529,0.06411747179687216
nonlinear,1219,shuffle,8,0.8537646557215033,0.7758631380170506,0.07921962380088858
nonlinear,1219,shuffle,16,0.8260914356548823,0.8139016483431776,0.07866046185637421
nonlinear,1219,shuffle,32,0.8558729800311083,0.8583390497208689,0.06878055633567035
nonlinear,1200,tp,1,0.7570166187910176,0.49169452652363843,0.026894872744130032
nonlinear,1200,tp,2,0.7721916735063368,0.5418232632384029,0.04516310437274339
nonlinear,1200,tp,4,0.7930386673499468,0.625563070134759,0.06621025570146398
nonlinear,1200,tp,8,0.8125744880225101,0.7293740818678217,0.07988486959086442
nonlinear,1200,tp,16,0.829477792963363,0.7968308111635911,0.08068118393542141
nonlinear,1200,tp,32,0.8810520730438455,0.8602321909400431,0.0715666893272355
nonlinear,1201,tp,1,0.8547498637263212,0.4663460874770052,0.027714298436082408
nonlinear,1201,tp,2,0.8590302783091338,0.5352813852764922,0.04688871974104552
nonlinear,1201,tp,4,0.8592519473406356,0.6331619078926928,0.06921757874540939
nonlinear,1201,tp,8,0.8442332382988755,0.729216669573448,0.08403616417426392
nonlinear,1201,tp,16,0.8307842895027368,0.785000867108721,0.08413646415005178
nonlinear,1201,tp,32,0.8800558774190286,0.8559868223436494,0.0745775254289045
nonlinear,1202,tp,1,0.8190780643263571,0.5727495738332651,0.03245626962892825
nonlinear,1202,tp,2,0.8255498308140209,0.6181346148118169,0.053191941019933485
nonlinear,1202,tp,4,0.8226155904927556,0.6871073174750284,0.07522456815876953
nonlinear,1202,tp,8,0.7925004668643619,0.7446770254611527,0.08796934593527783
nonlinear,1202,tp,16,0.7731572356500671,0.7638820495887692,0.08559699487684524
nonlinear,1202,tp,32,0.8258698125806669,0.8183652957902877,0.07689104917455844
nonlinear,1203,tp,1,0.7877407452741169,0.4384855016208154,0.03286651013096342
nonlinear,1203,tp,2,0.8047575455379856,0.5061843050656456,0.05277757033644907
nonlinear,1203,tp,4,0.8236546671976649,0.5982192546214322,0.07273559122226739
nonlinear,1203,tp,8,0.8346377733972995,0.6993062514574985,0.08238919101247584
nonlinear,1203,tp,16,0.8360160991830317,0.7766861466173912,0.07869857045485303
nonlinear,1203,tp,32,0.8746641664102878,0.8491397841900443,0.06722982379505475
nonlinear,1204,tp,1,0.8385759500203551,0.5368708619779704,0.030527094261850303
nonlinear,1204,tp,2,0.8470499439922273,0.5906315000240684,0.050557946083787664
nonlinear,1204,tp,4,0.8517523376133703,0.6683496712011648,0.07221963331098288
nonlinear,1204,tp,8,0.842599222169784,0.7499471335887958,0.08396315001030746
nonlinear,1204,tp,16,0.8354621746413324,0.8008557764918567,0.08072532866899586
nonlinear,1204,tp,32,0.8766104539035798,0.8544087891806159,0.07085069099370357
nonlinear,1205,tp,1,0.8518009003634809,0.4796096201320827,0.025110808199247582
nonlinear,1205,tp,2,0.857094278868282,0.554426488419039,0.04245140147622376
nonlinear,1205,tp,4,0.8581909435789119,0.6617427156953248,0.06289168517355294
nonlinear,1205,tp,8,0.8455460241262804,0.7552771453547293,0.07687737223998872
nonlinear,1205,tp,16,0.8326679385725354,0.7994739318212062,0.07528366212945466
nonlinear,1205,tp,32,0.8688449067518472,0.8559758207058286,0.06562667565541387
nonlinear,1206,tp,1,0.5734723017000692,0.4193589053053803,0.03834791049179584
nonlinear,1206,tp,2,0.6099754085781994,0.45347718080716537,0.06200172696433555
nonlinear,1206,tp,4,0.6700788291371302,0.5210837809606788,0.08495051025765248
nonlinear,1206,tp,8,0.741961077232178,0.6355655758970612,0.09507337854365763
nonlinear,1206,tp,16,0.799936234298312,0.7370474299929639,0.0946997737771717
nonlinear,1206,tp,32,0.8838643295043889,0.8339326959505449,0.08463349579061985
nonlinear,1207,tp,1,0.8187723317658997,0.5333180174792677,0.028158067020715192
nonlinear,1207,tp,2,0.8259563447610492,0.5764328858240154,0.04771988984443138
nonlinear,1207,tp,4,0.8325102212131257,0.6469640522710386,0.07055523555483777
nonlinear,1207,tp,8,0.8301282468011175,0.737688615668264,0.08486819872852727
nonlinear,1207,tp,16,0.823977837514859,0.7977853888174384,0.08172255284504906
nonlinear,1207,tp,32,0.8637343289907058,0.8531959626363254,0.074832103008002
nonlinear,1208,tp,1,0.6904110900230511,0.42534559132919647,0.03223378006843837
nonlinear,1208,tp,2,0.7211380313334086,0.47696741598169684,0.05088372454642703
nonlinear,1208,tp,4,0.7590433133487187,0.5639150591496634,0.0693678629893119
nonlinear,1208,tp,8,0.7869981852798582,0.6716932311972418,0.08093798734822169
nonlinear,1208,tp,16,0.8147476975647439,0.7628264180134501,0.0801585708014592
nonlinear,1208,tp,32,0.8726342469398956,0.8421520940592742,0.07215760177503121
nonlinear,1209,tp,1,0.9098258262930196,0.5082207841917858,0.036349127821107004
nonlinear,1209,tp,2,0.9141678599820766,0.5856052132180438,0.05920418518409828
nonlinear,1209,tp,4,0.9176712718448624,0.6995521312853162,0.08242138959343155
nonlinear,1209,tp,8,0.913650243470467,0.802026684222518,0.09303570881009303
nonlinear,1209,tp,16,0.9020000039754054,0.8490015646790688,0.0898111370913511
nonlinear,1209,tp,32,0.9186017509335026,0.8888296796227514,0.0828596392968503
nonlinear,1210,tp,1,0.8576146672318248,0.5609420428637925,0.031028224665070686
nonlinear,1210,tp,2,0.8636455193953131,0.6254614805956134,0.052837520132727175
nonlinear,1210,tp,4,0.8668086508748121,0.7199955888226267,0.0785640361024334
nonlinear,1210,tp,8,0.8532253573060571,0.781544096403018,0.09499506768149636
nonlinear,1210,tp,16,0.8258640439494188,0.7891493856717097,0.09264787514655771
nonlinear,1210,tp,32,0.8869829652848542,0.8539362475321425,0.08304015068809742
nonlinear,1211,tp,1,0.7438743285510874,0.5280532448266441,0.026897703124720444
nonlinear,1211,tp,2,0.7574052085031551,0.5673312818396756,0.0448506380959429
nonlinear,1211,tp,4,0.7747778289330365,0.6246560257040389,0.06476009955981246
nonlinear,1211,tp,8,0.7852626002971227,0.6891871630339925,0.07746793166674258
nonlinear,1211,tp,16,0.7932336134900887,0.7394680177171635,0.08011855366609295
nonlinear,1211,tp,32,0.8475151116920658,0.8073059842947894,0.07450295813681691
nonlinear,1212,tp,1,0.8636175554863884,0.5266926564123294,0.02549421735627144
nonlinear,1212,tp,2,0.8689408615359501,0.5948253421551255,0.04282399326940959
nonlinear,1212,tp,4,0.8717281865265584,0.704806881246455,0.06304938243031853
nonlinear,1212,tp,8,0.8663736179532793,0.8056212545502301,0.07694041008773865
nonlinear,1212,tp,16,0.8652780374262519,0.8435026178986039,0.07474608681166371
nonlinear,1212,tp,32,0.9014359343273862,0.885402964121929,0.06502666358709473
nonlinear,1213,tp,1,0.7645643099795107,0.4515332804263525,0.037316086483632875
nonlinear,1213,tp,2,0.7776005869178735,0.5048091960639859,0.06063451964685213
nonlinear,1213,tp,4,0.788365579826056,0.5848005181415302,0.08487431514906836
nonlinear,1213,tp,8,0.784242915616025,0.6643841260402412,0.09881641666354184
nonlinear,1213,tp,16,0.779070433248205,0.7160673612287215,0.09868177673824663
nonlinear,1213,tp,32,0.8264393132041086,0.7915386424250811,0.08949768300020125
nonlinear,1214,tp,1,0.7572308403673268,0.5485845161443952,0.026036923263215384
nonlinear,1214,tp,2,0.7699017696894553,0.5844658436436092,0.04368051199454567
nonlinear,1214,tp,4,0.7815735357660677,0.6460876497209093,0.0640677318772364
nonlinear,1214,tp,8,0.7826166193093402,0.725799619909572,0.07784171713520747
nonlinear,1214,tp,16,0.7844373337480433,0.7816049466786545,0.07566936394614598
nonlinear,1214,tp,32,0.837808488342805,0.843952802812041,0.06573048404869472
nonlinear,1215,tp,1,0.8215592629258675,0.5469347178265129,0.026879709141331126
nonlinear,1215,tp,2,0.8291761159132858,0.5971887949632045,0.04523622084325418
nonlinear,1215,tp,4,0.8336677008969612,0.6816614163394561,0.06658894024922354
nonlinear,1215,tp,8,0.8267358224535567,0.7688612412658147,0.08088857861315457
nonlinear,1215,tp,16,0.8263623461833799,0.8102732161701655,0.07878680371515728
nonlinear,1215,tp,32,0.884910031305226,0.8767760180230308,0.06618557623550081
nonlinear,1216,tp,1,0.8119324974437234,0.5341291334051618,0.030343107898727937
nonlinear,1216,tp,2,0.8184376859136938,0.601900576436885,0.05068403537081916
nonlinear,1216,tp,4,0.8185122978110521,0.6928129236915372,0.07333740441913449
nonlinear,1216,tp,8,0.8021164269858025,0.7465933536769349,0.08589453032362318
nonlinear,1216,tp,16,0.8033280145117963,0.7779186162537116,0.08264825922549307
nonlinear,1216,tp,32,0.8606992250409602,0.8370296498568733,0.0767729873617136
nonlinear,1217,tp,1,0.8834394647625124,0.48915878304747923,0.025453911738656524
nonlinear,1217,tp,2,0.8904569354743845,0.5624921383319574,0.043400738435420416
nonlinear,1217,tp,4,0.9000038732069067,0.6677306395688752,0.06478848481425203
nonlinear,1217,tp,8,0.90588921966559,0.7777590897168415,0.07883838643403122
nonlinear,1217,tp,16,0.8961429257578556,0.8412187894751468,0.07700184890438531
nonlinear,1217,tp,32,0.9160093860490607,0.8950204529994924,0.06660382402622504
nonlinear,1218,tp,1,0.8648228804052853,0.5329801304059979,0.02981206170902565
nonlinear,1218,tp,2,0.8682492434652055,0.6021991506819253,0.049560820091977494
nonlinear,1218,tp,4,0.8646202566574619,0.7069014140538113,0.07120343242709311
nonlinear,1218,tp,8,0.8401600661047499,0.786106574498606,0.08390631921634786
nonlinear,1218,tp,16,0.8202658752361853,0.8050628790056964,0.08372690700751263
nonlinear,1218,tp,32,0.8798979346443668,0.8636557779027938,0.07992960670460919
nonlinear,1219,tp,1,0.8634163652684648,0.5400749787981035,0.025383949766110202
nonlinear,1219,tp,2,0.8683655609552207,0.5938921957274982,0.043039069422088724
nonlinear,1219,tp,4,0.8667986289040773,0.6799637823773131,0.06408368540417032
nonlinear,1219,tp,8,0.8472284169235338,0.7704677219860571,0.07873665545776597
nonlinear,1219,tp,16,0.8263040449702485,0.8149615513563947,0.07712393965253789
nonlinear,1219,tp,32,0.8586959974771554,0.8624217223447852,0.06658053270150412
