pre,post,synapses,pre_layer,post_layer
31440,10082,928,2,2
10098,10115,878,2,2
10231,13271,849,0,1
22607,10353,737,2,1
13271,11367,727,1,1
10082,11654,589,2,1
10719,11367,566,1,1
10421,10364,556,1,1
12323,10247,545,2,3
11133,10001,537,3,3
10480,13271,490,0,1
10353,11654,488,1,1
12018,10719,483,2,1
10998,10247,480,2,3
12262,10131,478,2,3
10494,10234,478,2,3
47042,10247,469,2,3
10879,10558,468,1,3
10998,10131,468,2,3
11240,523512,466,2,1
10476,523528,461,0,1
10353,22607,459,1,2
11654,10353,458,1,1
10297,10584,449,2,3
21568,10558,435,1,3
10172,10364,429,1,1
10372,13125,427,0,1
11240,10421,419,2,1
22607,523672,410,2,2
12262,10247,404,2,3
12215,10082,404,1,2
11927,10115,403,1,2
12018,10353,403,2,1
12018,21568,401,2,1
11367,12018,396,1,2
11367,13271,393,1,1
14551,10353,390,2,1
11601,13080,386,1,1
10172,10234,380,1,3
10558,10247,372,3,3
10998,12262,368,2,2
10372,13367,367,0,1
12323,10131,367,2,3
10445,520606,367,0,1
11240,10172,364,2,1
10364,11240,364,1,2
47042,10131,361,2,3
12507,21568,359,2,1
10445,10364,354,0,1
10372,13080,347,0,1
10579,555383,346,0,2
21568,11367,340,1,1
11675,10082,339,2,2
10234,10247,336,3,3
11601,10353,334,1,1
10297,10283,329,2,3
25772,11367,328,0,1
13111,11601,327,2,1
10719,10082,327,1,2
11118,10056,326,2,3
11118,10045,325,2,3
523672,11532,322,2,1
523385,10115,317,2,2
12769,10082,317,2,2
14551,10719,316,2,1
12262,10998,311,2,2
11601,12423,310,1,1
10398,12276,310,0,1
523672,10898,309,2,1
13080,10719,309,1,1
22607,11883,307,2,1
10494,10228,306,2,3
10297,10923,305,2,3
10421,10115,300,1,2
10719,10558,300,1,3
22607,12262,297,2,2
12276,10421,293,1,1
10579,12276,292,0,1
21568,12018,288,1,2
10329,10056,288,2,3
10867,10558,281,2,3
10867,10584,281,2,3
555383,10228,279,2,3
10896,10867,279,0,2
12215,10001,278,1,3
10172,11240,277,1,2
10558,10131,277,3,3
10896,13080,276,0,1
10421,10234,276,1,3
524521,10583,275,1,2
11018,10172,272,1,1
10353,14789,271,1,1
11727,10879,270,2,1
10372,12018,270,0,2
10234,10131,267,3,3
13111,532050,265,2,3
25648,11367,261,0,1
22435,11367,256,0,1
21568,10283,256,1,3
10329,10045,255,2,3
21568,12323,254,1,2
10609,22607,253,1,2
11762,11017,250,1,1
10364,10172,245,1,1
25742,11367,242,0,1
10476,11367,241,0,1
11883,10082,240,1,2
10115,10421,240,2,1
10398,11240,240,0,2
10172,522346,239,1,1
10896,523672,239,0,2
10248,523512,238,0,1
10879,10584,238,1,3
10082,10719,238,2,1
522346,10448,237,1,1
26808,11367,234,0,1
10644,11043,233,1,2
26349,11367,228,0,1
12628,10283,227,3,3
34123,11367,226,0,1
25423,11367,224,0,1
10098,10417,223,2,3
10224,10364,222,1,1
10172,47042,221,1,2
33650,11367,221,0,1
555383,10234,221,2,3
10241,11367,219,1,1
25013,10364,218,0,1
11133,10923,217,3,3
10998,10274,217,2,3
10998,12587,217,2,3
10998,10281,216,2,3
31440,10283,215,2,3
11017,522346,214,1,1
11367,21568,213,1,1
10995,10364,211,1,1
103072,10364,211,0,1
10091,10417,210,3,3
10609,11367,210,1,1
14551,11675,209,2,2
11018,10494,209,1,2
11240,10494,209,2,2
520606,10172,207,1,1
517374,10364,207,0,1
10448,11927,206,1,1
21568,11762,205,1,1
11727,21568,205,2,1
21568,13125,204,1,1
10995,10172,204,1,1
10082,10297,204,2,2
26448,10364,203,0,1
521375,11675,202,2,2
11927,10228,201,1,3
38591,10364,200,0,1
10131,10301,198,3,3
523528,10719,197,1,1
10353,15266,197,1,1
13080,13125,197,1,1
14833,10421,196,0,1
10558,10281,196,3,3
12262,12587,196,2,3
10372,10583,196,0,2
523528,21568,194,1,1
12018,10995,194,2,1
12507,10879,192,2,1
10480,10583,192,0,2
12262,10274,192,2,3
11017,12444,191,1,2
10234,10281,191,3,3
12018,10879,190,2,1
12262,10281,189,2,3
12041,10283,189,2,3
14551,10879,187,2,1
517329,10364,187,0,1
11017,12215,187,1,1
10579,10448,186,0,1
10082,21568,185,2,1
521375,10329,185,2,2
10241,11762,184,1,1
11118,10301,184,2,3
13111,22607,184,2,2
526395,10364,181,0,1
21568,13367,179,1,1
11601,523672,179,1,2
11055,13271,179,0,1
13080,13367,175,1,1
11927,10417,175,1,3
10082,15266,174,2,1
10131,256420,174,3,3
10867,11017,174,2,1
13367,21568,173,1,1
10241,12444,172,1,2
10609,21568,171,1,1
10329,10301,171,2,3
24994,10364,170,0,1
11055,11883,168,0,1
10448,11762,167,1,1
10172,10417,166,1,3
10082,14789,166,2,1
10329,256420,165,2,3
10780,10417,165,2,3
22646,10364,164,0,1
13080,12018,164,1,2
10224,522346,164,1,1
11601,13111,164,1,2
10234,10274,164,3,3
555383,10448,164,2,1
11762,523528,164,1,1
521375,12628,163,2,3
11675,10329,163,2,2
11927,47042,162,1,2
10297,10001,161,2,3
22607,11367,161,2,1
22607,13111,161,2,2
10248,11240,160,0,2
13080,523672,160,1,2
11367,12041,160,1,2
11883,11367,160,1,1
15266,22607,160,1,2
12507,10353,158,2,1
12525,11675,157,2,2
11727,12444,157,2,2
10364,10780,157,1,2
11601,10879,157,1,1
12587,10247,157,3,3
10241,14551,157,1,2
10558,10274,157,3,3
10896,11017,156,0,1
11118,256420,155,2,3
11018,12020,155,1,2
11240,10609,155,2,1
523672,11601,155,2,1
524521,12018,154,1,2
10609,11654,154,1,1
13367,10719,153,1,1
10476,11762,152,0,1
11727,10719,151,2,1
10398,11043,151,0,2
13125,21568,150,1,1
12507,10297,149,2,2
10879,10283,148,1,3
10448,12020,148,1,2
12885,12587,148,3,3
22607,10558,146,2,3
521375,10283,146,2,3
523672,10241,146,2,1
31440,11133,145,2,3
10867,11727,145,2,2
11367,12444,145,1,2
10098,10580,144,2,3
10283,10001,143,3,3
523385,11118,143,2,2
12444,10867,142,2,2
555383,11018,142,2,1
12628,10001,142,3,3
11367,520188,142,1,2
11055,523528,141,0,1
10251,11043,140,0,2
13125,10719,140,1,1
523528,10583,140,1,2
12215,10283,139,1,3
522346,520606,139,1,1
14833,10224,139,0,1
10224,12020,139,1,2
520606,10421,138,1,1
12018,10583,138,2,2
12423,10719,138,1,1
12215,10584,136,1,3
12215,12323,136,1,2
10421,522346,135,1,1
15266,10082,135,1,2
10241,12041,135,1,2
14551,13080,134,2,1
10364,12020,134,1,2
10372,10353,133,0,1
11018,12444,132,1,2
11654,12525,130,1,2
522346,10098,130,1,2
14789,10082,129,1,2
12587,10131,128,3,3
11762,31440,128,1,2
10719,11762,128,1,1
12276,11240,127,1,2
14789,22607,127,1,2
10936,520606,127,0,1
12423,12444,127,1,2
10115,10364,127,2,1
10115,10172,127,2,1
523528,11017,126,1,1
10241,12018,126,1,2
11601,520188,124,1,2
10398,523512,124,0,1
10609,13271,124,1,1
12769,10283,123,2,3
13271,10231,123,1,0
15306,12587,122,3,3
12020,555383,122,2,2
10780,10580,121,2,3
12262,10898,120,2,1
10584,10923,120,3,3
10056,10045,119,3,3
11601,10719,119,1,1
10045,10056,119,3,3
10896,13271,119,0,1
10445,522346,118,0,1
10364,11125,118,1,2
31440,12628,117,2,3
12423,523672,117,1,2
10224,11240,117,1,2
11018,10421,117,1,1
521375,10082,116,2,2
10609,12018,116,1,2
11727,12525,116,2,2
10098,10091,116,2,3
524521,11043,115,1,2
14551,10283,115,2,3
12957,523528,115,0,1
10719,13125,115,1,1
523672,532050,114,2,3
21568,10995,113,1,1
523528,523672,113,1,2
10995,21568,113,1,1
11018,21568,112,1,1
10494,10417,112,2,3
10251,10609,111,0,1
12041,12628,110,2,3
10719,13367,110,1,1
21568,23112,109,1,2
532050,10131,108,3,3
10780,10228,108,2,3
25772,13367,108,0,1
15266,10995,107,1,1
10082,11367,107,2,1
11240,11043,107,2,2
10719,12018,106,1,2
10480,23112,106,0,2
12957,10241,106,0,1
13367,12323,106,1,2
10241,10558,105,1,3
12041,10001,105,2,3
10247,12587,105,3,3
12041,10584,104,2,3
10719,12444,104,1,2
10082,22607,104,2,2
10609,10558,104,1,3
10644,10448,104,1,1
10995,11240,104,1,2
10995,11654,104,1,1
10353,11601,103,1,1
21568,10082,103,1,2
524521,23112,103,1,2
15266,11654,103,1,1
10936,10228,102,0,3
14789,10879,102,1,1
10228,10274,102,3,3
10719,23112,102,1,2
10476,10583,102,0,2
10644,11240,101,1,2
10228,10281,101,3,3
26808,13125,101,0,1
10251,10224,101,0,1
21568,10329,101,1,2
524521,11017,100,1,1
523672,22607,100,2,2
10609,12423,99,1,1
12525,523385,99,2,2
10231,12041,98,0,2
524521,22607,98,1,2
10584,10281,98,3,3
10609,10172,98,1,1
11654,10879,98,1,1
12488,12020,97,1,2
25423,13125,97,0,1
11018,10879,97,1,1
34123,13367,97,0,1
520606,11043,97,1,2
11762,12423,97,1,1
11727,523672,97,2,2
10995,10353,96,1,1
10091,10283,96,3,3
10609,10353,96,1,1
11727,10172,96,2,1
12262,12885,95,2,3
12041,11133,95,2,3
11532,12423,95,1,1
10241,523528,95,1,1
10421,10228,95,1,3
25772,13125,94,0,1
555383,10609,94,2,1
10364,47042,94,1,2
12020,11125,93,2,2
15306,10247,93,3,3
14789,10995,93,1,1
26349,13125,93,0,1
33650,13125,92,0,1
10867,10995,92,2,1
10421,11240,92,1,2
520606,10448,92,1,1
13125,523672,91,1,2
10353,523672,91,1,2
25742,10353,91,0,1
10172,10609,90,1,1
12276,10224,90,1,1
10780,10091,90,2,3
11507,10234,90,1,3
31440,10584,90,2,3
23112,10558,89,2,3
34123,13125,89,0,1
10998,10898,89,2,1
10224,10234,89,1,3
524521,520188,89,1,2
12018,10082,89,2,2
14789,11654,89,1,1
11927,10780,89,1,2
13080,14551,89,1,2
10231,23112,88,0,2
532050,10281,88,3,3
11367,12323,87,1,2
11727,12020,87,2,2
25648,13125,87,0,1
10297,10558,87,2,3
12525,10879,87,2,1
523512,10364,86,1,1
11017,31440,86,1,2
14551,523672,86,2,2
12423,13125,86,1,1
10248,11043,86,0,2
10172,11118,85,1,2
10353,11367,85,1,1
13271,555383,85,1,2
10364,10098,85,1,2
10998,15306,85,2,3
523528,12444,85,1,2
10098,10228,85,2,3
12020,10780,85,2,2
13125,10329,85,1,2
25772,13080,84,0,1
11762,23112,84,1,2
10494,11018,84,2,1
10584,10274,84,3,3
11601,22607,84,1,2
12957,12215,83,0,1
11043,10056,83,2,3
13367,523672,83,1,2
22435,10353,81,0,1
10241,12769,81,1,2
12423,12018,81,1,2
10867,12423,81,2,1
25648,10995,80,0,1
520606,12020,80,1,2
10879,11727,80,1,2
12444,12041,80,2,2
11762,520188,80,1,2
11043,10045,80,2,3
10448,522346,79,1,1
10644,10583,79,1,2
21568,521375,79,1,2
10297,10329,79,2,2
26349,13367,78,0,1
10995,523512,78,1,1
25648,13080,78,0,1
10241,11727,78,1,2
12215,12041,78,1,2
13271,10609,78,1,1
10480,10995,78,0,1
10247,10301,78,3,3
12444,10879,78,2,1
532050,10247,78,3,3
12444,11727,77,2,2
14551,10584,77,2,3
10583,10056,77,2,3
10936,523528,77,0,1
10867,10283,77,2,3
21568,12444,77,1,2
13125,11017,77,1,1
11018,12525,77,1,2
10896,11532,76,0,1
10224,10780,76,1,2
22435,13125,76,0,1
11055,13367,76,0,1
12215,11133,76,1,3
10224,10228,76,1,3
12262,15306,76,2,3
10045,10898,75,3,1
10879,12525,75,1,2
14551,31440,75,2,2
14551,21568,75,2,1
10098,10998,75,2,2
26349,10353,75,0,1
12444,31440,74,2,2
10091,10001,74,3,3
10353,532050,74,1,3
22646,523512,74,0,1
25423,13080,74,0,1
10879,12507,74,1,2
13080,10241,74,1,1
25772,10995,73,0,1
33650,13367,73,0,1
522346,11125,73,1,2
33650,10995,73,0,1
10995,11125,73,1,2
25772,10353,73,0,1
12587,256420,73,3,3
12041,10082,72,2,2
25423,13367,72,0,1
34123,10995,72,0,1
15266,14551,72,1,2
12488,11240,72,1,2
12423,13367,72,1,1
11654,521375,72,1,2
13367,11017,72,1,1
11927,10234,72,1,3
12507,520188,71,2,2
13111,10329,71,2,2
26808,13080,71,0,1
10448,12444,71,1,2
10719,12041,71,1,2
12957,10224,71,0,1
10480,10241,71,0,1
10421,12020,70,1,2
10867,21568,70,2,1
11017,11762,70,1,1
11727,10494,70,2,2
31440,12262,70,2,2
532050,10274,70,3,3
517329,523512,70,0,1
10609,11532,70,1,1
12018,10558,70,2,3
21568,10584,69,1,3
10231,11303,69,0,1
12215,10923,69,1,3
10421,10780,69,1,2
11303,523672,69,1,2
12957,520606,69,0,1
22435,13080,69,0,1
10995,12488,68,1,1
555383,12488,68,2,1
10780,12628,68,2,3
523528,12423,68,1,1
10879,12444,68,1,2
11654,13111,68,1,2
524521,11654,68,1,1
524521,13125,68,1,1
11927,10580,68,1,3
22607,12525,68,2,2
11532,13080,68,1,1
10494,10364,68,2,1
11017,11927,67,1,1
10494,12020,67,2,2
10998,12885,67,2,3
31440,10580,67,2,3
10098,11133,67,2,3
10644,11125,67,1,2
520188,10719,67,2,1
11532,520188,67,1,2
12628,10417,67,3,3
12020,10098,66,2,2
10241,10584,66,1,3
10609,520188,66,1,2
10896,12423,66,0,1
21568,11727,66,1,2
22607,11532,66,2,1
10091,10580,66,3,3
11762,10448,66,1,1
13367,10329,66,1,2
12957,10283,66,0,3
522346,12488,66,1,1
15266,10879,66,1,1
12587,10301,65,3,3
26349,13080,64,0,1
10115,10494,64,2,2
10995,10879,64,1,1
12018,523672,64,2,2
26808,13367,64,0,1
15306,10131,64,3,3
10283,10584,64,3,3
22435,13367,64,0,1
10780,11133,64,2,3
10867,10353,64,2,1
10867,13080,64,2,1
11507,10558,64,1,3
15266,12444,64,1,2
11601,10995,64,1,1
12041,10580,64,2,3
25423,10353,64,0,1
10241,10283,63,1,3
11532,523672,63,1,2
10448,10297,63,1,2
11017,12041,63,1,2
11654,523672,63,1,2
10609,523512,63,1,1
12276,522346,63,1,1
11762,10558,63,1,3
10867,523672,62,2,2
25742,13080,62,0,1
10172,10115,62,1,2
10224,11043,62,1,2
12507,10898,62,2,1
13271,10995,62,1,1
12276,12020,62,1,2
25648,13367,62,0,1
33650,10353,62,0,1
33650,13080,62,0,1
22435,10995,62,0,1
26349,10995,61,0,1
26808,10353,61,0,1
10417,10283,61,3,3
10936,10417,61,0,3
522346,12020,61,1,2
12885,10131,61,3,3
10995,10234,61,1,3
10719,11727,61,1,2
14551,10082,61,2,2
13080,11762,60,1,1
10098,12628,60,2,3
523385,523512,60,2,1
12525,10494,60,2,2
10609,523672,60,1,2
10274,10301,60,3,3
12769,10115,60,2,2
11055,22607,60,0,2
10580,10001,60,3,3
10224,520606,60,1,1
11303,10234,60,1,3
10609,23112,59,1,2
11883,12507,59,1,2
10224,10417,59,1,3
13367,10353,59,1,1
520188,10241,59,2,1
10995,523672,59,1,2
10879,11601,59,1,1
520606,11125,59,1,2
10719,11601,59,1,1
11601,10867,58,1,2
12020,11018,58,2,1
15266,14789,58,1,1
10583,10045,58,2,3
11601,13125,58,1,1
522346,10172,58,1,1
11675,10353,58,2,1
10224,523385,58,1,2
11532,10241,58,1,1
524521,13367,58,1,1
10421,11018,58,1,1
11017,13367,58,1,1
25742,13125,58,0,1
25742,10995,58,0,1
13125,12323,58,1,2
12507,10719,57,2,1
12507,11532,57,2,1
11675,11507,57,2,1
11654,10329,57,1,2
10281,10301,57,3,3
13111,12628,57,2,3
11367,31440,57,1,2
10780,10115,57,2,2
14789,521375,57,1,2
10082,10879,57,2,1
10421,47042,57,1,2
26808,10995,57,0,1
13111,10082,56,2,2
11601,12215,56,1,1
25648,10353,56,0,1
12885,10247,56,3,3
11017,13125,56,1,1
12488,10421,56,1,1
14833,10494,56,0,2
21568,12041,56,1,2
10224,11018,56,1,1
555383,10417,56,2,3
11367,523672,56,1,2
10131,12587,56,3,3
10879,11367,56,1,1
10297,14551,56,2,2
13080,12444,55,1,2
10417,10228,55,3,3
520188,21568,55,2,1
523385,11303,55,2,1
521375,523672,55,2,2
11532,10896,55,1,0
520606,523512,54,1,1
10241,11675,54,1,2
520606,12276,54,1,1
12628,11133,54,3,3
10274,256420,54,3,3
34123,13080,54,0,1
25013,523512,54,0,1
12444,520188,54,2,2
11133,10274,54,3,3
10353,21568,54,1,1
517374,523512,54,0,1
13271,12444,54,1,2
15266,521375,54,1,2
10283,12628,53,3,3
24994,523512,53,0,1
10247,256420,53,3,3
522346,11017,53,1,1
11727,10867,53,2,2
11125,10421,53,2,1
10644,10172,53,1,1
11601,11017,52,1,1
11601,10329,52,1,2
10172,10228,52,1,3
10898,520188,52,1,2
12525,21568,52,2,1
103072,523512,52,0,1
10719,12525,52,1,2
10494,10115,52,2,2
21568,12525,52,1,2
23112,10584,51,2,3
14789,15266,51,1,1
10879,11762,51,1,1
11125,10172,51,2,1
12020,10448,51,2,1
11727,10241,51,2,1
10283,10091,51,3,3
10251,13271,51,0,1
555383,10172,51,2,1
526395,523512,51,0,1
11883,11727,51,1,2
11133,10281,51,3,3
11018,523512,51,1,1
521375,11133,51,2,3
11727,13111,50,2,2
10417,10091,50,3,3
523528,11675,50,1,2
103072,10609,50,0,1
10172,11018,50,1,1
22646,10609,50,0,1
38591,523512,50,0,1
11727,11675,49,2,2
12041,10091,49,2,3
12525,532050,49,2,3
10480,10329,49,0,2
520606,523672,49,1,2
34123,10353,49,0,1
523528,13080,49,1,1
12769,12323,49,2,2
12444,523672,49,2,2
522346,10234,49,1,3
25013,10609,49,0,1
10936,10283,49,0,3
10898,10879,48,1,1
10898,10241,48,1,1
11240,10115,48,2,2
38591,10609,48,0,1
10879,521375,48,1,2
523528,12262,48,1,2
11055,11601,48,0,1
10936,11927,48,0,1
10936,14833,48,0,0
11762,12444,48,1,2
12020,10494,48,2,2
10583,11532,48,2,1
10283,10417,47,3,3
11927,10082,47,1,2
15266,10241,47,1,1
12957,10584,47,0,3
12957,11017,47,0,1
12215,10558,47,1,3
10281,256420,47,3,3
12957,10228,47,0,3
12018,10241,47,2,1
520606,12488,47,1,1
10241,10583,47,1,2
10353,12018,47,1,2
10172,12020,47,1,2
10995,12276,47,1,1
12507,10241,47,2,1
11883,13125,47,1,1
13111,10353,46,2,1
10579,10644,46,0,1
25742,13367,46,0,1
11507,523672,46,1,2
14551,10241,46,2,1
11367,10353,46,1,1
523385,11507,46,2,1
26448,10609,46,0,1
10494,522346,46,2,1
22435,13271,46,0,1
10448,12215,46,1,1
11125,10224,46,2,1
10131,10045,46,3,3
11675,11303,46,2,1
10609,13080,46,1,1
11303,10558,45,1,3
14551,12041,45,2,2
10579,12488,45,0,1
12018,12525,45,2,2
10923,10297,45,3,2
11055,12323,45,0,2
10417,10923,45,3,3
10995,11043,45,1,2
22607,11017,45,2,1
10098,12885,45,2,3
12423,13271,45,1,1
13080,12323,45,1,2
12957,12041,45,0,2
12020,10234,45,2,3
10898,523672,45,1,2
10580,10091,45,3,3
10879,10082,45,1,2
523528,11303,45,1,1
11240,10234,45,2,3
13125,10353,44,1,1
10609,10583,44,1,2
11018,13111,44,1,2
11532,11367,44,1,1
10372,14551,44,0,2
10583,11017,44,2,1
10936,10448,44,0,1
523528,11507,44,1,1
11762,11654,44,1,1
12957,11762,44,0,1
23112,523672,44,2,2
10353,11883,44,1,1
555383,11303,44,2,1
11727,10353,44,2,1
14833,10172,44,0,1
22607,12423,44,2,1
526395,10609,44,0,1
14789,14551,43,1,2
14789,11675,43,1,2
10172,10995,43,1,1
10353,12423,43,1,1
10131,10056,43,3,3
22646,12276,43,0,1
10241,13111,43,1,2
11507,12444,43,1,2
11883,10283,43,1,3
523528,10353,43,1,1
11240,10224,43,2,1
11018,523672,43,1,2
523528,13111,43,1,2
10448,10098,43,1,2
10644,47042,43,1,2
11927,12215,43,1,1
12423,11883,43,1,1
10248,11507,43,0,1
10896,12018,43,0,2
10353,10241,42,1,1
13271,10867,42,1,2
11018,10224,42,1,1
11017,12020,42,1,2
523528,11654,42,1,1
10936,10584,42,0,3
13080,10353,42,1,1
520606,11507,42,1,1
523385,15306,42,2,3
521375,10353,42,2,1
10583,10898,42,2,1
520188,10297,42,2,2
13125,23112,42,1,2
10644,10224,41,1,1
25423,10995,41,0,1
13125,13367,41,1,1
11601,14551,41,1,2
12041,12262,41,2,2
517374,10609,41,0,1
10719,10584,41,1,3
520188,12444,41,2,2
11017,10780,41,1,2
31440,12885,41,2,3
10898,21568,41,1,1
31440,10001,41,2,3
11018,10719,41,1,1
10896,10898,41,0,1
11303,11017,41,1,1
523512,11240,41,1,2
38591,12276,41,0,1
521375,11654,41,2,1
11367,10583,41,1,2
10609,10297,41,1,2
12215,523672,41,1,2
10421,14833,41,1,0
12769,12628,41,2,3
12423,14551,40,1,2
12423,10241,40,1,1
11883,13367,40,1,1
10283,10923,40,3,3
13111,10867,40,2,2
10879,13367,40,1,1
13080,11367,40,1,1
11601,12262,40,1,2
12444,10353,40,2,1
10248,11303,40,0,1
31440,10091,40,2,3
13271,11017,40,1,1
520606,12444,40,1,2
10609,12276,40,1,1
10115,10234,40,2,3
22607,10995,40,2,1
11727,10283,40,2,3
11303,12423,40,1,1
24994,12276,39,0,1
10353,10719,39,1,1
10995,12423,39,1,1
10995,13080,39,1,1
103072,12276,39,0,1
11675,12885,39,2,3
21568,10867,39,1,2
12276,10364,39,1,1
524521,10448,39,1,1
10896,524521,39,0,1
523512,10172,39,1,1
11017,11118,39,1,2
11017,12769,39,1,2
11240,520606,39,2,1
11762,12041,39,1,2
10241,523672,38,1,2
11507,10417,38,1,3
14789,12444,38,1,2
11507,523512,38,1,1
10580,10281,38,3,3
10879,11675,38,1,2
524521,10241,38,1,1
10421,10417,38,1,3
24994,10609,38,0,1
10867,10329,38,2,2
10867,10448,38,2,1
11367,12507,38,1,2
12957,10234,38,0,3
12628,10580,38,3,3
11883,10584,38,1,3
11762,12215,38,1,1
11762,13125,38,1,1
11762,12507,38,1,2
10719,12323,38,1,2
10353,10995,38,1,1
10995,10558,38,1,3
523528,10448,38,1,1
11532,21568,38,1,1
10719,10995,38,1,1
12525,10172,37,2,1
517329,10609,37,0,1
26448,523512,37,0,1
10098,10234,37,2,3
10719,12507,37,1,2
11507,10448,37,1,1
524521,12323,37,1,2
11043,11532,37,2,1
10353,12323,37,1,2
10644,11017,37,1,1
11532,10719,37,1,1
520606,11017,37,1,1
11762,520606,37,1,1
13367,11883,37,1,1
12769,12041,37,2,2
11125,12020,37,2,2
555383,11118,37,2,2
11367,11017,37,1,1
11018,523385,37,1,2
11055,12262,37,0,2
10241,12323,37,1,2
12423,12525,37,1,2
10898,10719,37,1,1
523512,47042,37,1,2
10448,10780,36,1,2
11601,12444,36,1,2
555383,523512,36,2,1
10417,12628,36,3,3
10353,13111,36,1,2
12018,10283,36,2,3
12525,10082,36,2,2
11762,523672,36,1,2
523528,10082,36,1,2
12215,10580,36,1,3
31440,15306,36,2,3
15266,11675,36,1,2
10879,10923,36,1,3
13367,23112,36,1,2
12444,10283,36,2,3
10719,11675,36,1,2
11507,10353,35,1,1
10879,10001,35,1,3
10445,11043,35,0,2
11762,10583,35,1,2
10719,10283,35,1,3
10241,23112,35,1,2
10353,10879,35,1,1
10353,13271,35,1,1
12018,11017,35,2,1
11018,555383,35,1,2
11654,12041,35,1,2
555383,12276,35,2,1
11507,11017,34,1,1
10172,10780,34,1,2
11883,10001,34,1,3
10936,10224,34,0,1
12020,10172,34,2,1
517374,12276,34,0,1
10364,10448,34,1,1
11927,10364,34,1,1
11762,13367,34,1,1
11762,11303,34,1,1
26808,13271,34,0,1
520606,10583,34,1,2
12957,10417,34,0,3
22607,12444,34,2,2
11043,10448,34,2,1
10098,15306,34,2,3
523528,520188,33,1,2
25013,12276,33,0,1
12769,10417,33,2,3
12769,10241,33,2,1
10780,10998,33,2,2
14551,10558,33,2,3
23112,10283,33,2,3
10609,10494,33,1,2
523512,10224,33,1,1
10995,521375,33,1,2
10579,10417,33,0,3
10297,10082,33,2,2
10224,14833,33,1,0
11532,10353,33,1,1
11303,13125,33,1,1
11303,10353,33,1,1
524521,14551,33,1,2
10082,10558,33,2,3
11675,15306,33,2,3
13271,12507,33,1,2
21568,10609,33,1,1
10644,12018,32,1,2
13271,12488,32,1,1
10421,523385,32,1,2
11303,12215,32,1,1
521375,12041,32,2,2
13367,10879,32,1,1
10879,13125,32,1,1
10281,10131,32,3,3
12020,523512,32,2,1
12885,10281,32,3,3
555383,11017,32,2,1
11532,11883,32,1,1
11601,12525,32,1,2
524521,11125,32,1,2
524521,21568,32,1,1
10898,12423,32,1,1
10297,12628,32,2,3
12444,21568,32,2,1
11883,10583,32,1,2
11507,11654,32,1,1
10172,10494,32,1,2
11762,13080,32,1,1
11762,13271,32,1,1
10421,10609,32,1,1
23112,10879,32,2,1
523512,10494,32,1,2
523512,10421,32,1,1
12215,10115,31,1,2
12215,11675,31,1,2
23112,11601,31,2,1
12276,47042,31,1,2
10082,12215,31,2,1
12276,555383,31,1,2
12769,10580,31,2,3
12957,11927,31,0,1
10936,11125,31,0,2
523528,12525,31,1,2
523528,31440,31,1,2
12020,10417,31,2,3
12020,10421,31,2,1
12020,11303,31,2,1
12018,10329,31,2,2
12018,523528,31,2,1
10228,10923,31,3,3
12444,10719,31,2,1
12444,11017,31,2,1
13125,10879,31,1,1
13125,11675,31,1,2
10579,11240,31,0,2
10580,10274,31,3,3
10353,13080,31,1,1
10719,14551,31,1,2
520188,11367,31,2,1
520606,523385,31,1,2
521375,10091,31,2,3
520606,12423,30,1,1
10224,47042,30,1,2
11303,555383,30,1,2
517329,12276,30,0,1
12444,12525,30,2,2
11303,11367,30,1,1
12628,10301,30,3,3
21568,12507,30,1,2
10231,11507,30,0,1
522346,523528,30,1,1
11883,524521,30,1,1
10091,10301,30,3,3
11507,11727,30,1,2
10867,11654,30,2,1
12423,22607,30,1,2
10609,10879,30,1,1
10898,10297,30,1,2
12957,520188,30,0,2
10995,12020,30,1,2
10995,10494,30,1,2
11601,11532,29,1,1
11507,10283,29,1,3
10867,520188,29,2,2
12957,10923,29,0,3
522346,12276,29,1,1
523385,12885,29,2,3
10082,11675,29,2,2
10082,11727,29,2,2
10364,11043,29,1,2
10609,13125,29,1,1
14789,10329,29,1,2
10995,47042,29,1,2
12423,10353,29,1,1
10995,22607,29,1,2
14551,10329,29,2,2
555383,11125,29,2,2
11303,11654,29,1,1
12769,10091,29,2,3
10580,10923,29,3,3
10115,11927,29,2,1
12215,11367,29,1,1
12215,11927,29,1,1
11727,14551,29,2,2
22607,12885,29,2,3
10224,11927,29,1,1
11927,11675,28,1,2
11043,10898,28,2,1
11762,21568,28,1,1
522346,11927,28,1,1
10091,11133,28,3,3
12444,11532,28,2,1
524521,11367,28,1,1
12525,10115,28,2,2
11532,11601,28,1,1
11507,555383,28,1,2
10867,11507,28,2,1
11367,14551,28,1,2
10494,10609,28,2,1
10879,21568,28,1,1
21568,12769,28,1,2
31440,10558,28,2,3
10609,13367,28,1,1
11303,520188,28,1,2
521375,12525,28,2,2
33650,13271,28,0,1
10609,12323,28,1,2
10241,10297,28,1,2
11727,10082,28,2,2
11018,10417,28,1,3
11303,10283,28,1,3
11303,10448,28,1,1
11303,11727,28,1,2
520606,11654,28,1,1
10353,10867,28,1,2
11303,13271,28,1,1
13271,524521,28,1,1
11507,12423,27,1,1
11507,13125,27,1,1
11507,12020,27,1,2
10353,10082,27,1,2
10417,10131,27,3,3
10353,12444,27,1,2
10879,10995,27,1,1
10879,14789,27,1,1
12020,11507,27,2,1
12769,11675,27,2,2
11133,12628,27,3,3
11133,10297,27,3,2
11303,11055,27,1,0
11303,12444,27,1,2
11303,11883,27,1,1
10115,523385,27,2,2
12444,11654,27,2,1
523528,10558,27,1,3
11303,523512,27,1,1
10241,12525,27,1,2
10241,11601,27,1,1
10241,13125,27,1,1
520188,11532,27,2,1
12488,11118,27,1,2
25742,13271,27,0,1
12957,10448,27,0,1
12041,10923,27,2,3
10251,11118,27,0,2
14789,10241,27,1,1
11018,10353,27,1,1
11367,10241,27,1,1
10082,520188,27,2,2
11883,12262,27,1,2
11927,523385,26,1,2
12020,11017,26,2,1
11927,10558,26,1,3
11240,11118,26,2,2
10448,10329,26,1,2
524521,11532,26,1,1
12769,11133,26,2,3
12769,12215,26,2,1
10494,10780,26,2,2
10609,14551,26,1,2
10609,10234,26,1,3
12769,10558,26,2,3
15306,10274,26,3,3
10995,10780,26,1,2
12323,47042,26,2,2
10609,11125,26,1,2
11303,10417,26,1,3
11601,21568,26,1,1
11883,521375,26,1,2
11883,12018,26,1,2
25772,13271,26,0,1
11055,23112,26,0,2
11018,11507,26,1,1
11303,12020,26,1,2
12957,522346,26,0,1
11303,13080,26,1,1
11762,11727,26,1,2
12488,522346,26,1,1
11532,10879,26,1,1
11532,10583,26,1,2
11532,13367,26,1,1
10896,10283,25,0,3
21568,10231,25,1,0
10879,12262,25,1,2
10879,11654,25,1,1
11125,520606,25,2,1
10353,11532,25,1,1
10644,23112,25,1,2
10898,10896,25,1,0
10719,10583,25,1,2
11727,10297,25,2,2
22607,31440,25,2,2
10297,11133,25,2,3
10231,10241,25,0,1
13271,10364,25,1,1
10584,10131,25,3,3
256420,10045,25,3,3
11927,11133,25,1,3
11133,10580,25,3,3
10241,12215,25,1,1
10241,12957,25,1,0
10172,14833,25,1,0
520606,12262,25,1,2
520606,10719,25,1,1
10115,12020,25,2,2
10115,11125,25,2,2
10867,11303,25,2,1
523512,10115,25,1,2
523512,11043,25,1,2
10172,555383,25,1,2
520606,21568,25,1,1
10719,523528,24,1,1
10644,22607,24,1,2
10353,521375,24,1,2
10353,13367,24,1,1
10609,11675,24,1,2
26448,12276,24,0,1
10609,12444,24,1,2
10898,10082,24,1,2
10898,22607,24,1,2
10995,10224,24,1,1
524521,11240,24,1,2
10896,12262,24,0,2
11367,11532,24,1,1
11125,11240,24,2,2
522346,10780,24,1,2
10297,521375,24,2,2
11240,10448,24,2,1
10251,10421,24,0,1
523528,10998,24,1,2
10448,10224,24,1,1
12215,12262,24,1,2
10301,10056,24,3,3
10241,11532,24,1,1
520188,10879,24,2,1
15306,10281,24,3,3
523672,10353,24,2,1
12020,10115,24,2,2
10879,13111,24,1,2
10247,10056,24,3,3
520606,13080,24,1,1
10494,523385,24,2,2
10228,10131,24,3,3
11507,11055,24,1,0
11507,12215,24,1,1
11507,13367,24,1,1
10421,11043,24,1,2
10247,10045,23,3,3
523512,523385,23,1,2
23112,21568,23,2,1
12020,523385,23,2,2
10082,31440,23,2,2
10082,521375,23,2,2
520606,10998,23,1,2
10609,15266,23,1,1
520188,12018,23,2,2
520188,12423,23,2,1
11883,10329,23,1,2
13080,12525,23,1,2
10241,13367,23,1,1
22607,15306,23,2,3
15266,10329,23,1,2
10364,13271,23,1,1
12957,10558,23,0,3
11018,11675,23,1,2
11018,11303,23,1,1
12444,11675,23,2,2
11727,523385,23,2,2
10879,12041,23,1,2
10879,10297,23,1,2
21568,523528,23,1,1
10644,21568,23,1,1
10644,12323,23,1,2
11303,13367,23,1,1
11303,12488,23,1,1
11507,11367,23,1,1
11507,11927,23,1,1
11507,11018,23,1,1
11507,10364,23,1,1
13367,10583,23,1,2
11927,523672,23,1,2
10115,10228,23,2,3
11762,12488,23,1,1
11762,11507,23,1,1
10082,10283,23,2,3
524521,10353,23,1,1
12215,47042,22,1,2
10898,12444,22,1,2
526395,12276,22,0,1
10609,521375,22,1,2
15266,13271,22,1,1
13271,12020,22,1,2
13271,12423,22,1,1
11927,10998,22,1,2
13125,521375,22,1,2
521375,10584,22,2,3
10580,12628,22,3,3
10448,10364,22,1,1
11762,10241,22,1,1
523528,12020,22,1,2
10115,11018,22,2,1
12769,31440,22,2,2
12018,11883,22,2,1
14551,10297,22,2,2
12018,521375,22,2,2
10494,10172,22,2,1
11654,12323,22,1,2
10879,12769,22,1,2
10879,10609,22,1,1
11507,13271,22,1,1
11125,10448,22,2,1
11125,10494,22,2,2
23112,10297,22,2,2
11532,22607,22,1,2
10082,12444,22,2,2
12525,521375,22,2,2
12276,523512,22,1,1
11601,13367,22,1,1
11601,10898,22,1,1
10995,520188,22,1,2
10353,10583,22,1,2
555383,10098,21,2,2
12488,555383,21,1,2
11017,11367,21,1,1
10082,10584,21,2,3
520606,10115,21,1,2
520188,12507,21,2,2
12018,520188,21,2,2
34123,13271,21,0,1
10297,11675,21,2,2
10353,11017,21,1,1
10644,11654,21,1,1
10353,11675,21,1,2
12215,10998,21,1,2
15266,10353,21,1,1
10719,12262,21,1,2
10579,10998,21,0,2
10609,14789,21,1,1
11727,11507,21,2,1
12423,11762,21,1,1
11883,11675,21,1,2
12323,12885,21,2,3
11017,10609,21,1,1
10476,12957,21,0,0
12488,523512,20,1,1
10780,10172,20,2,1
10936,11303,20,0,1
11018,11727,20,1,2
10780,11043,20,2,2
25772,10558,20,0,3
522346,11043,20,1,2
522346,23112,20,1,2
47042,15306,20,2,3
10131,10281,20,3,3
11883,10867,20,1,2
523385,11675,20,2,2
26349,13271,20,0,1
10241,12423,20,1,1
14789,11601,20,1,1
14789,12769,20,1,2
11675,10583,20,2,2
10579,10421,20,0,1
10301,10045,20,3,3
12323,15306,20,2,3
10297,11727,20,2,2
10898,12507,20,1,2
10898,10353,20,1,1
10609,10224,20,1,1
10609,10898,20,1,1
12423,10329,20,1,2
10644,10364,20,1,1
12041,12885,20,2,3
12957,11303,20,0,1
13080,12041,20,1,2
11303,10228,20,1,3
11507,10584,20,1,3
12018,12507,20,2,2
11507,11675,20,1,2
520606,10234,20,1,3
10448,520606,20,1,1
520606,12525,20,1,2
12020,10228,20,2,3
10283,10131,20,3,3
11303,10867,20,1,2
10583,11507,20,2,1
520188,11883,20,2,1
523512,10609,20,1,1
12628,10091,20,3,3
13367,11675,20,1,2
11532,10898,20,1,1
523512,12020,19,1,2
523512,12488,19,1,1
12276,10398,19,1,0
523528,10172,19,1,1
12507,10867,19,2,2
11125,12488,19,2,1
25648,13271,19,0,1
10879,23112,19,1,2
21568,34123,19,1,0
21568,523672,19,1,2
10879,10867,19,1,2
31440,12041,19,2,2
12215,11727,19,1,2
12444,10558,19,2,3
10115,10448,19,2,1
11601,10283,19,1,3
12041,12215,19,2,1
10995,10297,19,1,2
10082,10898,19,2,1
11675,523385,19,2,2
10936,11017,19,0,1
11927,11018,19,1,1
11507,10867,19,1,2
11507,10082,19,1,2
10417,11927,19,3,1
555383,10364,19,2,1
11532,31440,19,1,2
10372,12423,19,0,1
10609,12215,18,1,1
10609,12041,18,1,2
10251,522346,18,0,1
13271,10172,18,1,1
11303,10584,18,1,3
13271,10644,18,1,1
11675,521375,18,2,2
11927,10091,18,1,3
12215,12628,18,1,3
11055,520606,18,0,1
11055,11303,18,0,1
10224,10936,18,1,0
11654,10558,18,1,3
21568,10879,18,1,1
21568,11675,18,1,2
10719,10241,18,1,1
10719,11055,18,1,0
11507,11883,18,1,1
10719,13111,18,1,2
10364,10224,18,1,1
522346,11507,18,1,1
12957,12323,18,0,2
10082,523672,18,2,2
12423,12507,18,1,2
523512,10398,18,1,0
10780,12885,18,2,3
10780,11118,18,2,2
14551,12525,18,2,2
11017,12018,18,1,2
10448,12041,18,1,2
10353,14551,18,1,2
10353,13125,18,1,1
10001,10283,18,3,3
11125,522346,18,2,1
523512,555383,18,1,2
11532,12444,18,1,2
10417,10580,18,3,3
10445,10936,18,0,0
10936,11507,18,0,1
12507,10329,18,2,2
11367,11762,18,1,1
11133,10091,17,3,3
11303,11762,17,1,1
11303,11927,17,1,1
11303,10364,17,1,1
11303,11018,17,1,1
11303,11125,17,1,2
11125,555383,17,2,2
13367,521375,17,1,2
10172,12525,17,1,2
13271,12018,17,1,2
12885,10274,17,3,3
10353,10609,17,1,1
10115,10580,17,2,3
11055,14789,17,0,1
11055,15266,17,0,1
12041,10558,17,2,3
10879,12323,17,1,2
11532,13111,17,1,2
10494,10091,17,2,3
10719,12769,17,1,2
520188,523528,17,2,1
11507,520606,17,1,1
11507,523528,17,1,1
11507,523385,17,1,2
10867,11883,17,2,1
11367,10898,17,1,1
520188,10898,17,2,1
10091,10780,17,3,2
10580,11133,17,3,3
11883,11762,17,1,1
11927,12323,17,1,2
523512,10448,17,1,1
11727,10558,17,2,3
11727,12041,17,2,2
523528,12018,17,1,2
523528,12488,17,1,1
12488,10224,17,1,1
523512,12276,16,1,1
523528,12323,16,1,2
523528,10879,16,1,1
523528,10421,16,1,1
10131,10274,16,3,3
10421,10224,16,1,1
22607,21568,16,2,1
10480,11601,16,0,1
520606,11303,16,1,1
520606,11240,16,1,2
10283,11133,16,3,3
10241,12507,16,1,2
10241,10936,16,1,0
522346,10224,16,1,1
11762,11601,16,1,1
10172,520606,16,1,1
11507,12488,16,1,1
10448,13367,16,1,1
10082,11133,16,2,3
10898,13111,16,1,2
10898,10867,16,1,2
10898,11654,16,1,1
11601,23112,16,1,2
11601,11675,16,1,2
10879,12628,16,1,3
21568,11601,16,1,1
21568,22435,16,1,0
21568,14551,16,1,2
12444,11507,16,2,1
10248,11125,16,0,2
10995,10329,16,1,2
10995,10241,16,1,1
11927,10283,16,1,3
11507,13080,15,1,1
11507,11601,15,1,1
10583,10241,15,2,1
10494,10224,15,2,1
10494,10998,15,2,2
10494,14833,15,2,0
10231,12018,15,0,2
11367,13367,15,1,1
11532,12018,15,1,2
10115,10098,15,2,2
12276,10780,15,1,2
25423,13271,15,0,1
10898,11601,15,1,1
12423,523528,15,1,1
12215,10234,15,1,3
10082,10580,15,2,3
11654,10719,15,1,1
10896,23112,15,0,2
13080,13271,15,1,1
12957,10780,15,0,2
10283,12215,15,3,1
10224,10494,15,1,2
12444,10082,15,2,2
12444,12507,15,2,2
12444,12323,15,2,2
10297,12444,15,2,2
10297,520188,15,2,2
11303,523528,15,1,1
11727,10421,15,2,1
521375,10558,15,2,3
11303,10082,15,1,2
13367,10448,15,1,1
11018,10780,15,1,2
523528,11043,15,1,2
23112,12323,15,2,2
47042,12323,15,2,2
520606,11675,15,1,2
523512,10780,15,1,2
10353,11303,15,1,1
10398,12488,15,0,1
523385,10091,15,2,3
10045,10301,15,3,3
10421,10998,15,1,2
22607,10583,15,2,2
10421,10172,15,1,1
11762,11125,15,1,2
10644,13367,15,1,1
12488,520606,15,1,1
11133,10584,14,3,3
10056,256420,14,3,3
13080,11727,14,1,2
11125,11043,14,2,2
10898,11532,14,1,1
10898,11883,14,1,1
12507,10583,14,2,2
524521,12507,14,1,2
522346,11018,14,1,1
522346,12423,14,1,1
522346,11303,14,1,1
522346,10421,14,1,1
11507,10228,14,1,3
11507,12041,14,1,2
13271,10228,14,1,3
13271,10448,14,1,1
10995,11367,14,1,1
10494,47042,14,2,2
21568,25772,14,1,0
520188,523672,14,2,2
11654,11675,14,1,2
10231,31440,14,0,2
10936,12215,14,0,1
10936,10234,14,0,3
10936,10780,14,0,2
11240,11125,14,2,2
11017,10898,14,1,1
520188,13271,14,2,1
520188,12041,14,2,2
13125,10448,14,1,1
15306,12885,14,3,3
11043,11303,14,2,1
10224,555383,14,1,2
10580,10780,14,3,2
10580,11927,14,3,1
521375,21568,14,2,1
10274,10281,14,3,3
11883,10896,14,1,0
523528,523512,14,1,1
22607,11675,14,2,2
12276,523385,14,1,2
10353,12525,14,1,2
11532,10480,14,1,0
10353,10898,14,1,1
11367,13125,14,1,1
12885,15306,14,3,3
12276,11018,13,1,1
12276,10494,13,1,2
11367,11601,13,1,1
11507,11762,13,1,1
11507,13111,13,1,2
11240,10417,13,2,3
10172,526395,13,1,0
10172,523385,13,1,2
14789,12323,13,1,2
523512,520606,13,1,1
11303,23112,13,1,2
11727,11303,13,2,1
11727,11018,13,2,1
11303,11118,13,1,2
10448,11125,13,1,2
11133,12215,13,3,1
23112,11303,13,2,1
10353,10558,13,1,3
10001,11133,13,3,3
10421,11125,13,1,2
22607,10609,13,2,1
10609,10241,13,1,1
10609,12020,13,1,2
522346,520188,13,1,2
522346,10609,13,1,1
10780,15306,13,2,3
10780,11927,13,2,1
10241,10898,13,1,1
11017,10241,13,1,1
10283,10297,13,3,2
10283,10281,13,3,3
10283,12041,13,3,2
10719,21568,13,1,1
10995,522346,13,1,1
10224,11125,13,1,2
10898,13080,13,1,1
10898,12018,13,1,2
10898,10583,13,1,2
12957,11125,13,0,2
15266,12769,13,1,2
15266,11601,13,1,1
12444,11303,13,2,1
12444,10584,13,2,3
10995,11532,13,1,1
10297,10879,13,2,1
524521,10172,13,1,1
11675,12323,13,2,2
12423,10867,13,1,2
10580,10417,13,3,3
10580,10494,13,3,2
11043,11507,13,2,1
10583,10719,13,2,1
10583,10353,13,2,1
11055,11507,13,0,1
11055,10923,13,0,3
21568,14789,13,1,1
12628,256420,13,3,3
11532,10082,13,1,2
11601,12041,13,1,2
520188,10583,13,2,2
520188,11017,13,2,1
520188,11601,13,2,1
520188,11727,13,2,2
10241,522346,12,1,1
10898,12628,12,1,3
10421,10494,12,1,2
10898,31440,12,1,2
10421,523512,12,1,1
10896,10558,12,0,3
10896,10719,12,0,1
10421,520606,12,1,1
13367,13080,12,1,1
10719,12423,12,1,1
12444,13111,12,2,2
10936,520188,12,0,2
10936,11675,12,0,2
12444,521375,12,2,2
12628,10329,12,3,2
555383,11507,12,2,1
555383,10579,12,2,0
10417,10281,12,3,3
10417,10115,12,3,2
12276,12488,12,1,1
21568,12628,12,1,3
256420,10056,12,3,3
10248,12488,12,0,1
11017,10297,12,1,2
12488,10364,12,1,1
11507,10583,12,1,2
11507,23112,12,1,2
10583,10448,12,2,1
11507,11532,12,1,1
11507,22607,12,1,2
10098,10494,12,2,2
11727,10329,12,2,2
11727,523512,12,2,1
520188,10082,12,2,2
520188,13125,12,2,1
520188,13367,12,2,1
11303,11601,12,1,1
11303,12276,12,1,1
11303,10583,12,1,2
11303,10115,12,1,2
11303,10719,12,1,1
11303,522346,12,1,1
11927,10001,12,1,3
11532,13125,12,1,1
11532,10297,12,1,2
13080,12423,12,1,1
11601,31440,12,1,2
12020,47042,12,2,2
12020,11118,12,2,2
10448,11240,12,1,2
10448,13125,12,1,1
11133,10283,12,3,3
10558,10923,12,3,3
10558,256420,12,3,3
11125,11018,12,2,1
25772,25742,12,0,0
11762,10879,12,1,1
12041,10583,12,2,2
14789,13271,12,1,1
14789,10353,12,1,1
10056,10301,12,3,3
10995,10583,11,1,2
10995,12444,11,1,2
10995,11927,11,1,1
13271,11125,11,1,2
13271,11118,11,1,2
10231,520188,11,0,2
11303,12018,11,1,2
11303,11532,11,1,1
11303,523385,11,1,2
11675,523672,11,2,2
12215,11507,11,1,1
12215,12444,11,1,2
11675,12525,11,2,2
520606,10494,11,1,2
10353,31440,11,1,2
10353,11507,11,1,1
10353,10372,11,1,0
10241,520188,11,1,2
10241,12262,11,1,2
10609,12488,11,1,1
10609,11043,11,1,2
12020,10998,11,2,2
10224,10421,11,1,1
10224,12957,11,1,0
10898,12525,11,1,2
10898,532050,11,1,3
10896,520188,11,0,2
12423,12323,11,1,2
12423,11367,11,1,1
10082,11017,11,2,1
10082,11532,11,2,1
10297,10583,11,2,2
10579,11125,11,0,2
34123,10558,11,0,3
15266,12262,11,1,2
15266,12018,11,1,2
10867,10297,11,2,2
10867,11133,11,2,3
10867,12041,11,2,2
522346,10494,11,1,2
12488,12276,11,1,1
12444,10448,11,2,1
12444,532050,11,2,3
10879,15266,11,1,1
10494,10098,11,2,2
10879,12423,11,1,1
10879,11133,11,1,3
13080,10879,11,1,1
13080,11883,11,1,1
10421,12957,11,1,0
520188,11762,11,2,1
11532,11018,11,1,1
11532,14551,11,1,2
11532,12507,11,1,2
10417,11133,11,3,3
10936,10241,11,0,1
11367,11507,11,1,1
11367,12525,11,1,2
10091,256420,11,3,3
10283,10228,11,3,3
11507,11125,11,1,2
11507,11118,11,1,2
11507,10580,11,1,3
523528,523385,11,1,2
523512,10098,11,1,2
523512,10234,11,1,3
523385,47042,11,2,2
10719,10353,11,1,1
523385,10329,11,2,2
11883,10297,11,1,2
12628,12041,11,3,2
21568,524521,11,1,1
21568,25648,11,1,0
10364,11118,11,1,2
10172,517329,11,1,0
10644,520188,11,1,2
12041,15306,11,2,3
13367,13125,11,1,1
11125,10780,10,2,2
11125,10364,10,2,1
520188,14551,10,2,2
10644,523512,10,1,1
523512,10248,10,1,0
10480,10353,10,0,1
10098,10780,10,2,2
10098,523385,10,2,2
13111,10584,10,2,3
13111,11017,10,2,1
10644,12507,10,1,2
10644,10241,10,1,1
523528,12276,10,1,1
10421,11762,10,1,1
10115,10998,10,2,2
14551,13111,10,2,2
13271,10353,10,1,1
11303,10248,10,1,0
11303,10879,10,1,1
11303,12041,10,1,2
10001,10923,10,3,3
11532,11727,10,1,2
11532,11055,10,1,0
11532,11017,10,1,1
11532,10995,10,1,1
25742,25772,10,0,0
21568,33650,10,1,0
21568,522346,10,1,1
11927,12885,10,1,3
10494,12525,10,2,2
10879,523672,10,1,2
10879,31440,10,1,2
10898,14551,10,1,2
10898,11727,10,1,2
10898,13367,10,1,1
11727,10234,10,2,3
10082,12262,10,2,2
10082,12769,10,2,2
12423,12041,10,1,2
10301,12587,10,3,3
10417,10584,10,3,3
13367,11727,10,1,2
13367,12444,10,1,2
10283,10082,10,3,2
13125,12444,10,1,2
11507,10494,10,1,2
11507,10115,10,1,2
11507,12276,10,1,1
11507,12018,10,1,2
10281,10045,10,3,3
10281,10274,10,3,3
10583,11303,10,2,1
10224,523512,10,1,1
12020,10364,10,2,1
12769,10879,10,2,1
10609,11118,10,1,2
47042,12885,10,2,3
524521,523672,10,1,2
11675,11118,10,2,2
10241,11055,10,1,0
10353,10297,10,1,2
14789,10283,10,1,3
12215,31440,10,1,2
10248,10609,10,0,1
11601,11507,10,1,1
11601,11367,10,1,1
12215,12525,10,1,2
25013,24994,9,0,0
10579,10172,9,0,1
11055,10353,9,0,1
11727,11654,9,2,1
526395,26448,9,0,0
10353,12041,9,1,2
10353,11727,9,1,2
521375,22607,9,2,2
15266,13111,9,1,2
11240,12020,9,2,2
11507,10172,9,1,1
11507,10297,9,1,2
11507,10780,9,1,2
11507,12628,9,1,3
11507,47042,9,1,2
11654,10609,9,1,1
10001,10584,9,3,3
10001,12628,9,3,3
11654,21568,9,1,1
10417,256420,9,3,3
12488,10098,9,1,2
12488,10780,9,1,2
10923,10281,9,3,3
12525,12444,9,2,2
12525,12628,9,2,3
11762,10234,9,1,3
12488,47042,9,1,2
522346,523672,9,1,2
555383,12020,9,2,2
10091,12628,9,3,3
10091,10115,9,3,2
10091,11118,9,3,2
12444,10329,9,2,2
25648,10558,9,0,3
532050,11303,9,3,1
10448,10898,9,1,1
10448,11043,9,1,2
10494,10580,9,2,3
10879,10353,9,1,1
10879,12215,9,1,1
10448,523528,9,1,1
10644,13125,9,1,1
10898,12262,9,1,2
12423,13080,9,1,1
10898,23112,9,1,2
10867,10879,9,2,1
10297,13111,9,2,2
10297,12041,9,2,2
13111,10283,9,2,3
520606,47042,9,1,2
520606,31440,9,1,2
10896,11883,9,0,1
10896,10879,9,0,1
10896,11367,9,0,1
520606,10098,9,1,2
520606,10353,9,1,1
10082,13125,9,2,1
10082,10923,9,2,3
12018,12769,9,2,2
12018,22607,9,2,2
22607,521375,9,2,2
11532,13271,9,1,1
11532,23112,9,1,2
12769,22607,9,2,2
10995,23112,9,1,2
10995,523385,9,1,2
10995,11727,9,1,2
11601,11654,9,1,1
10998,47042,9,2,2
11601,10297,9,1,2
10251,10172,9,0,1
31440,12215,9,2,1
21568,520188,9,1,2
13271,11727,9,1,2
11303,10580,9,1,3
11303,10923,9,1,3
11303,10329,9,1,2
11303,10172,9,1,1
21568,13111,9,1,2
10480,11762,9,0,1
11018,14551,9,1,2
11883,12041,9,1,2
11883,10353,9,1,1
11883,15266,9,1,1
11018,10115,9,1,2
11018,10283,9,1,3
11017,14551,9,1,2
10172,517374,9,1,0
10172,25013,9,1,0
11017,520606,9,1,1
11017,520188,9,1,2
23112,11727,9,2,2
10172,10091,9,1,3
23112,10995,9,2,1
10172,10644,9,1,1
11367,11883,9,1,1
11367,11055,9,1,0
11367,13080,9,1,1
11367,10719,9,1,1
523385,10494,9,2,2
523385,10082,9,2,2
13080,22607,9,1,2
10241,10231,9,1,0
10241,10867,9,1,2
13080,10867,9,1,2
13080,10372,9,1,0
10241,14789,9,1,1
10241,31440,9,1,2
11507,15306,8,1,3
11507,10098,8,1,2
11507,10879,8,1,1
11507,10719,8,1,1
11727,10780,8,2,2
11507,10329,8,1,2
11507,12262,8,1,2
11507,520188,8,1,2
14789,13111,8,1,2
14789,12507,8,1,2
555383,11043,8,2,2
10353,10283,8,1,3
10353,10329,8,1,2
11675,10879,8,2,1
11654,10898,8,1,1
10001,10580,8,3,3
10353,12628,8,1,3
10364,11507,8,1,1
11532,11654,8,1,1
11532,12041,8,1,2
520606,10224,8,1,1
520606,11118,8,1,2
520188,524521,8,2,1
520188,10558,8,2,3
520188,10867,8,2,2
520188,13080,8,2,1
10398,10609,8,0,1
10780,47042,8,2,2
10780,10421,8,2,1
10719,520188,8,1,2
13080,11532,8,1,1
10115,10417,8,2,3
10115,555383,8,2,2
21568,10719,8,1,1
13271,15266,8,1,1
13271,25772,8,1,0
13271,21568,8,1,1
13271,22607,8,1,2
11303,10231,8,1,0
11303,11675,8,1,2
11303,10241,8,1,1
11303,12507,8,1,2
11303,12262,8,1,2
12276,10417,8,1,3
12276,11125,8,1,2
10251,10995,8,0,1
10995,13111,8,1,2
10421,555383,8,1,2
523672,11654,8,2,1
11927,10098,8,1,2
11927,12262,8,1,2
11927,12628,8,1,3
10224,10115,8,1,2
10224,10172,8,1,1
12018,11507,8,2,1
11055,31440,8,0,2
11055,523672,8,0,2
12215,10091,8,1,3
12041,11675,8,2,2
12041,11654,8,2,1
12041,21568,8,2,1
12769,523385,8,2,2
12262,47042,8,2,2
10241,10353,8,1,1
10609,11883,8,1,1
10609,11240,8,1,2
10609,10329,8,1,2
22607,10898,8,2,1
22607,11601,8,2,1
22607,11654,8,2,1
11240,11507,8,2,1
524521,11507,8,1,1
524521,10898,8,1,1
524521,12423,8,1,1
11017,523528,8,1,1
10234,12323,8,3,2
11018,10228,8,1,3
11018,11017,8,1,1
11018,10558,8,1,3
10297,21568,8,2,1
10896,10584,8,0,3
11133,10780,8,3,2
34123,25742,8,0,0
12423,11675,8,1,2
12423,11017,8,1,1
11125,47042,8,2,2
10867,13125,8,2,1
10867,13111,8,2,2
11125,10995,8,2,1
11125,11927,8,2,1
11125,10234,8,2,3
11125,11118,8,2,2
11125,10644,8,2,1
11125,10115,8,2,2
11762,10995,8,1,1
11762,10476,8,1,0
11762,14551,8,1,2
12488,523385,8,1,2
25742,26808,8,0,0
12488,10448,8,1,1
10494,555383,8,2,2
10494,523512,8,2,1
12444,12262,8,2,2
10936,523385,8,0,2
10936,12423,8,0,1
10417,10301,8,3,3
10417,10780,8,3,2
11367,12769,8,1,2
11367,11727,8,1,2
11367,11654,8,1,1
523512,11507,8,1,1
23112,12769,8,2,2
23112,12041,8,2,2
523528,10234,8,1,3
11883,11133,8,1,3
26448,526395,8,0,0
10274,12587,8,3,3
10172,523512,8,1,1
10283,10274,8,3,3
13125,12525,8,1,2
10579,10494,8,0,2
10579,10234,8,0,3
10583,15306,8,2,3
10923,10329,8,3,2
10281,12587,8,3,3
10644,11507,7,1,1
10448,10995,7,1,1
10583,21568,7,2,1
10398,11125,7,0,2
10417,10494,7,3,2
10580,10283,7,3,3
10579,11043,7,0,2
13125,10241,7,1,1
13080,11675,7,1,2
10480,25772,7,0,0
10480,523672,7,0,2
10480,10719,7,0,1
10558,10301,7,3,3
13111,10091,7,2,3
12957,21568,7,0,1
12957,11507,7,0,1
12769,47042,7,2,2
10609,11601,7,1,1
10609,25772,7,1,0
13271,10719,7,1,1
524521,47042,7,1,2
12041,10329,7,2,2
12041,523672,7,2,2
11133,10417,7,3,3
10172,10421,7,1,1
10172,11125,7,1,2
10172,10098,7,1,2
22607,12323,7,2,2
12018,14551,7,2,2
12018,12423,7,2,1
12020,10224,7,2,1
11240,10364,7,2,1
10131,10247,7,3,3
22435,10558,7,0,3
22435,25742,7,0,0
10224,11762,7,1,1
10228,10417,7,3,3
10228,10283,7,3,3
11055,10719,7,0,1
11055,10329,7,0,2
11055,11367,7,0,1
11043,11017,7,2,1
11018,10297,7,1,2
11018,10329,7,1,2
11018,12423,7,1,1
11018,10234,7,1,3
11017,10583,7,1,2
11125,12276,7,2,1
21568,31440,7,1,2
25423,12323,7,0,2
11507,10224,7,1,1
11507,10248,7,1,0
520188,10353,7,2,1
520188,10329,7,2,2
520188,10584,7,2,3
520188,10896,7,2,0
520188,11303,7,2,1
520188,13111,7,2,2
520188,11507,7,2,1
11532,12525,7,1,2
11532,10867,7,1,2
25772,33650,7,0,0
522346,10558,7,1,3
522346,10364,7,1,1
522346,13271,7,1,1
522346,11240,7,1,2
11762,10283,7,1,3
11762,12769,7,1,2
11762,12020,7,1,2
11762,12276,7,1,1
11762,10719,7,1,1
11727,11017,7,2,1
11727,10224,7,2,1
11727,13080,7,2,1
11727,520188,7,2,2
11601,523528,7,1,1
11601,521375,7,1,2
11601,11133,7,1,3
11601,11303,7,1,1
14789,11883,7,1,1
11654,10082,7,1,2
520606,10558,7,1,3
523528,10329,7,1,2
23112,10329,7,2,2
23112,11507,7,2,1
23112,13367,7,2,1
523385,11043,7,2,2
11367,11303,7,1,1
11367,12423,7,1,1
11883,21568,7,1,1
11883,12444,7,1,2
11883,10644,7,1,1
26448,24994,7,0,0
26808,33650,7,0,0
11303,11240,7,1,2
11303,10998,7,1,2
11303,11043,7,1,2
11303,21568,7,1,1
11927,12020,7,1,2
10115,10224,7,2,1
10082,10241,7,2,1
10091,11927,7,3,1
15266,11883,7,1,1
12525,10719,7,2,1
12525,10283,7,2,3
12525,11601,7,2,1
12525,10224,7,2,1
12444,10091,7,2,3
10274,10056,7,3,3
10780,523385,7,2,2
10353,520188,7,1,2
10353,12262,7,1,2
10353,12769,7,1,2
10353,12507,7,1,2
10879,12018,7,1,2
532050,10301,7,3,3
10879,14551,7,1,2
10879,523528,7,1,1
10898,521375,7,1,2
31440,11675,7,2,2
10297,523672,7,2,2
10898,10480,7,1,0
10898,10923,7,1,3
10898,10558,7,1,3
10898,10448,7,1,1
10898,10283,7,1,3
10898,11133,7,1,3
10898,11367,7,1,1
10898,12323,7,1,2
10898,12769,7,1,2
10281,10056,7,3,3
12628,10780,7,3,2
10995,12525,7,1,2
10372,10231,7,0,0
10372,520188,7,0,2
10579,47042,6,0,2
10579,10228,6,0,3
10584,10879,6,3,1
26349,10558,6,0,3
12507,13111,6,2,2
12507,11883,6,2,1
12507,10558,6,2,3
12507,10995,6,2,1
11883,12423,6,1,1
34123,25423,6,0,0
12525,10353,6,2,1
10719,10297,6,1,2
10719,13080,6,1,1
24994,25013,6,0,0
24994,22646,6,0,0
11675,10995,6,2,1
10780,10234,6,2,3
10780,10494,6,2,2
11532,25423,6,1,0
11532,11507,6,1,1
11532,12769,6,1,2
555383,523385,6,2,2
555383,10580,6,2,3
555383,10644,6,2,1
555383,10494,6,2,2
11601,10241,6,1,1
11601,10609,6,1,1
11654,12507,6,1,2
12628,11927,6,3,1
12628,10082,6,3,2
10558,12262,6,3,2
11762,10584,6,1,3
11762,10098,6,1,2
25742,25423,6,0,0
25742,34123,6,0,0
25648,33650,6,0,0
11507,12323,6,1,2
11507,12957,6,1,0
11507,10091,6,1,3
11507,10231,6,1,0
11507,10241,6,1,1
11507,10923,6,1,3
11507,10936,6,1,0
11507,11043,6,1,2
25423,25742,6,0,0
11507,31440,6,1,2
11507,21568,6,1,1
11727,12423,6,2,1
21568,25423,6,1,0
21568,10241,6,1,1
21568,10297,6,1,2
11133,12041,6,3,2
10644,12488,6,1,1
10936,10421,6,0,1
11017,11883,6,1,1
11017,11125,6,1,2
11018,10448,6,1,1
11018,11125,6,1,2
11018,12507,6,1,2
12276,10172,6,1,1
12769,12262,6,2,2
12769,532050,6,2,3
10995,38591,6,1,0
10995,12018,6,1,2
10995,11118,6,1,2
12769,10098,6,2,2
12769,10780,6,2,2
12323,10274,6,2,3
11055,10998,6,0,2
12215,12769,6,1,2
11043,523512,6,2,1
10609,10364,6,1,1
10879,10241,6,1,1
11240,11303,6,2,1
11240,10398,6,2,0
11240,10228,6,2,3
33650,26808,6,0,0
33650,25648,6,0,0
12444,10297,6,2,2
12444,10241,6,2,1
12444,11133,6,2,3
11927,11507,6,1,1
12488,10644,6,1,1
12488,11927,6,1,1
26808,22435,6,0,0
10867,22607,6,2,2
11303,520606,6,1,1
11303,12628,6,1,3
11303,12323,6,1,2
11303,10936,6,1,0
11303,10995,6,1,1
11303,11133,6,1,3
11303,10494,6,1,2
10923,10274,6,3,3
10896,21568,6,0,1
12423,10583,6,1,2
12423,13111,6,1,2
12423,12215,6,1,1
12018,12041,6,2,2
12018,11654,6,2,1
12018,12262,6,2,2
12018,13271,6,2,1
12020,10580,6,2,3
12041,31440,6,2,2
10898,10329,6,1,2
10898,12041,6,1,2
10898,11018,6,1,1
524521,11303,6,1,1
524521,10329,6,1,2
10448,10283,6,1,3
13271,523672,6,1,2
13271,10329,6,1,2
13271,12323,6,1,2
13271,14789,6,1,1
10172,11762,6,1,1
10172,10224,6,1,1
10091,10998,6,3,2
10091,10098,6,3,2
523512,10998,6,1,2
523512,10579,6,1,0
523528,10241,6,1,1
523528,10936,6,1,0
523385,12628,6,2,3
10082,10995,6,2,1
13125,12262,6,1,2
523672,14789,6,2,1
10372,10995,6,0,1
10372,11654,6,0,1
10297,10867,6,2,2
13367,10241,6,1,1
13367,12262,6,1,2
10283,10580,6,3,3
10353,11133,6,1,3
10353,11055,6,1,0
10353,25772,6,1,0
10224,12488,6,1,1
10224,10998,6,1,2
10421,10936,6,1,0
10421,10644,6,1,1
10494,520606,6,2,1
522346,13080,6,1,1
14551,11883,6,2,1
14551,10583,6,2,2
13080,520188,6,1,2
13080,23112,6,1,2
13111,10898,6,2,1
520188,12525,6,2,2
520188,10372,6,2,0
520188,10056,6,2,3
520188,23112,6,2,2
10001,12041,6,3,2
10494,10421,6,2,1
10494,10995,6,2,1
47042,10274,6,2,3
520606,10780,6,1,2
520606,10609,6,1,1
10248,10224,5,0,1
10995,15266,5,1,1
10995,11675,5,1,2
11675,10115,5,2,2
11675,12262,5,2,2
12215,11303,5,1,1
12215,11654,5,1,1
11055,11017,5,0,1
11055,10580,5,0,3
10045,256420,5,3,3
10045,11532,5,3,1
10224,10448,5,1,1
10224,10098,5,1,2
11043,10224,5,2,1
11043,10172,5,2,1
11043,10644,5,2,1
520188,22607,5,2,2
520188,10936,5,2,0
520188,12323,5,2,2
11532,12323,5,1,2
11532,11303,5,1,1
11532,11133,5,1,3
11532,10329,5,1,2
11532,10558,5,1,3
11532,10372,5,1,0
11532,25648,5,1,0
11532,25772,5,1,0
10241,10719,5,1,1
10241,11017,5,1,1
10241,10082,5,1,2
10241,15266,5,1,1
11017,521375,5,1,2
11018,11118,5,1,2
11017,11043,5,1,2
11017,10719,5,1,1
12276,520606,5,1,1
12276,10579,5,1,0
10228,256420,5,3,3
10234,10998,5,3,2
10234,256420,5,3,3
10231,21568,5,0,1
12488,10115,5,1,2
10867,12525,5,2,2
10867,10896,5,2,0
10867,10583,5,2,2
31440,12769,5,2,2
10001,10091,5,3,3
12525,12020,5,2,2
12525,11727,5,2,2
12525,10091,5,2,3
10329,15306,5,2,3
10283,10301,5,3,3
14789,10583,5,1,2
10923,10001,5,3,3
520606,10445,5,1,0
520606,13111,5,1,2
24994,26448,5,0,0
10936,12957,5,0,0
10936,10398,5,0,0
10936,11367,5,0,1
10301,12323,5,3,2
10879,10719,5,1,1
10879,522346,5,1,1
11601,10584,5,1,3
11601,11727,5,1,2
11601,10936,5,1,0
11601,10082,5,1,2
11601,12628,5,1,3
11601,532050,5,1,3
10896,12628,5,0,3
10896,11133,5,0,3
10896,10583,5,0,2
10898,10584,5,1,3
12423,11601,5,1,1
11654,10241,5,1,1
11654,22607,5,1,2
38591,25013,5,0,0
10297,12215,5,2,1
10297,12769,5,2,2
11927,31440,5,1,2
522346,12507,5,1,2
522346,10583,5,1,2
26808,25742,5,0,0
26808,10558,5,0,3
26808,11532,5,0,1
523672,11017,5,2,1
523672,10879,5,2,1
523672,13271,5,2,1
25742,22435,5,0,0
10115,523512,5,2,1
10115,10609,5,2,1
10115,10780,5,2,2
11303,47042,5,1,2
11303,532050,5,1,3
11303,22607,5,1,2
11303,12885,5,1,3
11303,12957,5,1,0
11303,10297,5,1,2
11303,10898,5,1,1
11303,10780,5,1,2
11303,15306,5,1,3
11303,13111,5,1,2
11303,12525,5,1,2
25648,12323,5,0,2
25648,26349,5,0,0
22646,517329,5,0,0
22646,13271,5,0,1
15266,11017,5,1,1
10082,10867,5,2,2
10082,10353,5,2,1
10082,12041,5,2,2
10082,11762,5,2,1
10082,11883,5,2,1
10098,47042,5,2,2
10098,10172,5,2,1
11883,14551,5,1,2
523512,11927,5,1,1
523512,11303,5,1,1
523512,522346,5,1,1
23112,10867,5,2,2
23112,11017,5,2,1
523528,22607,5,1,2
26349,33650,5,0,0
26349,22435,5,0,0
26349,10583,5,0,2
26349,25648,5,0,0
11367,22607,5,1,2
11367,10558,5,1,3
11133,10879,5,3,1
11133,11017,5,3,1
11133,11927,5,3,1
11125,11303,5,2,1
11125,10936,5,2,0
11507,10995,5,1,1
11507,12525,5,1,2
11507,11240,5,1,2
11507,522346,5,1,1
11507,532050,5,1,3
10172,524521,5,1,1
21568,11055,5,1,0
21568,11018,5,1,1
21568,10644,5,1,1
21568,25742,5,1,0
12020,10091,5,2,3
12018,11303,5,2,1
11240,12488,5,2,1
22435,26349,5,0,0
22435,26808,5,0,0
524521,523512,5,1,1
524521,11883,5,1,1
524521,10364,5,1,1
524521,10224,5,1,1
12041,532050,5,2,3
11727,11601,5,2,1
11727,10584,5,2,3
10558,12323,5,3,2
10580,12215,5,3,1
10417,10172,5,3,1
10417,10045,5,3,3
10364,10998,5,1,2
10580,10448,5,3,1
10584,10056,5,3,3
10584,12444,5,3,2
33650,25772,5,0,0
33650,22435,5,0,0
33650,26349,5,0,0
10583,520188,5,2,2
10583,22607,5,2,2
10583,10082,5,2,2
10421,12276,5,1,1
10609,11018,5,1,1
10609,11303,5,1,1
10609,10448,5,1,1
12957,10421,5,0,1
12957,11654,5,0,1
12769,10719,5,2,1
12769,10234,5,2,3
10421,10448,5,1,1
10719,11654,5,1,1
10719,10879,5,1,1
10719,10936,5,1,0
10719,10609,5,1,1
10719,12957,5,1,0
10719,11883,5,1,1
10719,521375,5,1,2
13367,11367,5,1,1
13367,12525,5,1,2
10719,31440,5,1,2
10579,11018,5,0,1
13080,10995,5,1,1
13367,523528,5,1,1
10448,10234,5,1,3
10448,12769,5,1,2
10476,10995,5,0,1
13111,10879,5,2,1
13111,12423,5,2,1
13111,10241,5,2,1
13111,14789,5,2,1
10494,11240,5,2,2
10494,11125,5,2,2
10494,11927,5,2,1
10780,10098,5,2,2
13271,520188,5,1,2
13271,517329,5,1,0
13271,26448,5,1,0
10353,523528,5,1,1
13271,38591,5,1,0
10353,10091,5,1,3
13271,25013,5,1,0
10353,11762,5,1,1
10353,25423,5,1,0
