task,seed,method,lr,eta,alpha,validation_mse,runtime_seconds,residual
nonlinear,1100,bp,0.0001,0.1,0.0,0.26705326716319927,0.12552335900181788,0.0
nonlinear,1101,bp,0.0001,0.1,0.0,0.2710819689570235,0.14419210800042492,0.0
nonlinear,1102,bp,0.0001,0.1,0.0,0.2496361258852963,0.12880954400316114,0.0
nonlinear,1103,bp,0.0001,0.1,0.0,0.34425181455796555,0.1357611489984265,0.0
nonlinear,1104,bp,0.0001,0.1,0.0,0.18924738309519376,0.16355472199938959,0.0
nonlinear,1100,bp,0.0003,0.1,0.0,0.12139852964569091,0.12219467799877748,0.0
nonlinear,1101,bp,0.0003,0.1,0.0,0.1438629281314168,0.12145595699985279,0.0
nonlinear,1102,bp,0.0003,0.1,0.0,0.12068896927298227,0.12165124700186425,0.0
nonlinear,1103,bp,0.0003,0.1,0.0,0.169725404099661,0.12093334399833111,0.0
nonlinear,1104,bp,0.0003,0.1,0.0,0.09805505420585564,0.12611610699968878,0.0
nonlinear,1100,bp,0.0005,0.1,0.0,0.06876077934315887,0.12109536699790624,0.0
nonlinear,1101,bp,0.0005,0.1,0.0,0.09075627790018881,0.12175713299802737,0.0
nonlinear,1102,bp,0.0005,0.1,0.0,0.07509329561465516,0.12098748299831641,0.0
nonlinear,1103,bp,0.0005,0.1,0.0,0.10841232710611758,0.13580724200073746,0.0
nonlinear,1104,bp,0.0005,0.1,0.0,0.06656845233976644,0.14208312000118895,0.0
nonlinear,1100,bp,0.001,0.1,0.0,0.03313467736867708,0.14045663999786484,0.0
nonlinear,1101,bp,0.001,0.1,0.0,0.04542491198012968,0.1261693650012603,0.0
nonlinear,1102,bp,0.001,0.1,0.0,0.03685136605719149,0.12954648500090116,0.0
nonlinear,1103,bp,0.001,0.1,0.0,0.050159076226544974,0.132328741998208,0.0
nonlinear,1104,bp,0.001,0.1,0.0,0.03715332370994422,0.1303151380016061,0.0
nonlinear,1100,bp,0.002,0.1,0.0,0.016741718358237095,0.1427137020000373,0.0
nonlinear,1101,bp,0.002,0.1,0.0,0.02335425486494759,0.13663446799910162,0.0
nonlinear,1102,bp,0.002,0.1,0.0,0.017961385117700974,0.12374994600031641,0.0
nonlinear,1103,bp,0.002,0.1,0.0,0.02462088411039133,0.1249419769992528,0.0
nonlinear,1104,bp,0.002,0.1,0.0,0.018049447151014364,0.12396463699769811,0.0
nonlinear,1100,bp,0.003,0.1,0.0,0.010400485184942522,0.13813509800093016,0.0
nonlinear,1101,bp,0.003,0.1,0.0,0.016838003742268303,0.125399650001782,0.0
nonlinear,1102,bp,0.003,0.1,0.0,0.011269144438489245,0.13999175500066485,0.0
nonlinear,1103,bp,0.003,0.1,0.0,0.018292715010235248,0.12540990599882207,0.0
nonlinear,1104,bp,0.003,0.1,0.0,0.011606126645534835,0.1560872609989019,0.0
nonlinear,1100,bp,0.006,0.1,0.0,0.005352803982660411,0.13565427499997895,0.0
nonlinear,1101,bp,0.006,0.1,0.0,0.0096815941102318,0.12645536700074445,0.0
nonlinear,1102,bp,0.006,0.1,0.0,0.005400648899328178,0.125092466998467,0.0
nonlinear,1103,bp,0.006,0.1,0.0,0.012202733595229859,0.1258174920003512,0.0
nonlinear,1104,bp,0.006,0.1,0.0,0.0065443634731268225,0.12916448500254774,0.0
nonlinear,1100,bp,0.01,0.1,0.0,0.0031800637004171795,0.1315458219978609,0.0
nonlinear,1101,bp,0.01,0.1,0.0,0.007699087360815683,0.13684565400035353,0.0
nonlinear,1102,bp,0.01,0.1,0.0,0.003562879177088113,0.1480287770027644,0.0
nonlinear,1103,bp,0.01,0.1,0.0,0.009787998980798443,0.13117895000323188,0.0
nonlinear,1104,bp,0.01,0.1,0.0,0.0051196820570056645,0.12650307700096164,0.0
nonlinear,1100,pc,0.0005,0.05,0.0,0.06619498917692059,0.8662663329996576,0.03369536193455871
nonlinear,1101,pc,0.0005,0.05,0.0,0.08327721226955005,0.8613339050025388,0.04450642958869475
nonlinear,1102,pc,0.0005,0.05,0.0,0.07118523528510838,0.9176099769974826,0.03496335575151118
nonlinear,1103,pc,0.0005,0.05,0.0,0.1010208309321669,0.8790597920014989,0.04652322964741331
nonlinear,1104,pc,0.0005,0.05,0.0,0.06102110261821966,0.8872091720004391,0.03333228500294561
nonlinear,1100,pc,0.0005,0.1,0.0,0.06759966803363066,0.8632828459994926,0.041981544452197365
nonlinear,1101,pc,0.0005,0.1,0.0,0.0877211899230126,0.8328556010019383,0.051708098948148346
nonlinear,1102,pc,0.0005,0.1,0.0,0.07699123738058251,0.9014889229983964,0.04248635287872077
nonlinear,1103,pc,0.0005,0.1,0.0,0.11095665018103258,0.9629320700005337,0.055330144119239165
nonlinear,1104,pc,0.0005,0.1,0.0,0.06074239288518846,1.0627852529978554,0.04087727271294233
nonlinear,1100,pc,0.001,0.05,0.0,0.03068978388017232,1.0357051540013344,0.023227949623998854
nonlinear,1101,pc,0.001,0.05,0.0,0.04422638782786117,0.8548987810027029,0.030611128970862555
nonlinear,1102,pc,0.001,0.05,0.0,0.036134416943132824,0.9798959440013277,0.022909943401814875
nonlinear,1103,pc,0.001,0.05,0.0,0.043764233300067866,0.9905443919997197,0.03087324837397203
nonlinear,1104,pc,0.001,0.05,0.0,0.03076386871375289,0.9392055130010704,0.023769647936323753
nonlinear,1100,pc,0.001,0.1,0.0,0.03133318989401726,0.8484837309988507,0.02916543318615208
nonlinear,1101,pc,0.001,0.1,0.0,0.045319447058879914,0.9516015810004319,0.03493230568482655
nonlinear,1102,pc,0.001,0.1,0.0,0.039958151799264575,1.002622727999551,0.027657046100034048
nonlinear,1103,pc,0.001,0.1,0.0,0.04941954637689747,0.9068117989991151,0.03596701961429878
nonlinear,1104,pc,0.001,0.1,0.0,0.031607613618052026,1.0261952049986576,0.028170436294519163
nonlinear,1100,pc,0.003,0.05,0.0,0.010698396675473225,0.9325157499988563,0.014200578546754147
nonlinear,1101,pc,0.003,0.05,0.0,0.01662966914509968,0.8307585430011386,0.0171976119757011
nonlinear,1102,pc,0.003,0.05,0.0,0.011583008295600711,0.8715505430009216,0.013754200961048476
nonlinear,1103,pc,0.003,0.05,0.0,0.017880008040859135,0.9973160199988342,0.019378305079695575
nonlinear,1104,pc,0.003,0.05,0.0,0.011439627788056928,0.8317392859971733,0.015747658484920688
nonlinear,1100,pc,0.003,0.1,0.0,0.012070504964049116,0.9814159249981458,0.017186797630976223
nonlinear,1101,pc,0.003,0.1,0.0,0.01736438937721506,0.9884399450020283,0.02007764202484036
nonlinear,1102,pc,0.003,0.1,0.0,0.01301478880763556,0.9011594109979342,0.016167967592789243
nonlinear,1103,pc,0.003,0.1,0.0,0.021456994857403225,0.8488522359984927,0.022113453923641405
nonlinear,1104,pc,0.003,0.1,0.0,0.012100506607396524,0.891584190998401,0.018529080735776624
nonlinear,1100,pc,0.006,0.05,0.0,0.006727029887982618,0.8824807829987549,0.011734386219199169
nonlinear,1101,pc,0.006,0.05,0.0,0.01168829799401092,0.8881374269985827,0.01418756992078214
nonlinear,1102,pc,0.006,0.05,0.0,0.0069904209981753425,0.9025606040013372,0.010593238782283028
nonlinear,1103,pc,0.006,0.05,0.0,0.01375931490702649,0.8752117800031556,0.016357423729160592
nonlinear,1104,pc,0.006,0.05,0.0,0.007610072823493542,0.8899453230005747,0.012281727457159658
nonlinear,1100,pc,0.006,0.1,0.0,0.008360201927414171,0.8820604729990009,0.013903430898228994
nonlinear,1101,pc,0.006,0.1,0.0,0.013324034057629929,0.8569199710000248,0.016205120745413852
nonlinear,1102,pc,0.006,0.1,0.0,0.00907325817849971,0.8398186340018583,0.01261648895945956
nonlinear,1103,pc,0.006,0.1,0.0,0.016429462515042553,0.8427376370018465,0.01798133830443174
nonlinear,1104,pc,0.006,0.1,0.0,0.008724457081774441,0.8535479650017805,0.014919407704655233
nonlinear,1100,pcalm,0.001,0.05,0.2,0.0314190630331909,0.8769420370008447,0.020213130931880378
nonlinear,1101,pcalm,0.001,0.05,0.2,0.04439099705915079,0.9270986350020394,0.025725488397112497
nonlinear,1102,pcalm,0.001,0.05,0.2,0.036847512110743344,0.9388218160020187,0.01937202440578635
nonlinear,1103,pcalm,0.001,0.05,0.2,0.044470123582022215,0.9871996719994058,0.026196646831884537
nonlinear,1104,pcalm,0.001,0.05,0.2,0.03126214102779922,0.9529678340004466,0.020346032707569222
nonlinear,1100,pcalm,0.001,0.05,0.5,0.03229354954072796,0.9827764199981175,0.01696647097749883
nonlinear,1101,pcalm,0.001,0.05,0.5,0.04468704574373248,0.940749842000514,0.02161518947463747
nonlinear,1102,pcalm,0.001,0.05,0.5,0.03787363379285752,0.9424877789970196,0.01622738815898588
nonlinear,1103,pcalm,0.001,0.05,0.5,0.04573370157896628,0.924886693002918,0.022047456843957307
nonlinear,1104,pcalm,0.001,0.05,0.5,0.03181103261853483,0.8906112500008021,0.016907191659417013
nonlinear,1100,pcalm,0.001,0.1,0.2,0.03209950589084193,0.8507873889975599,0.023524168974007355
nonlinear,1101,pcalm,0.001,0.1,0.2,0.0453975113071673,0.8609232770031667,0.028623559028068287
nonlinear,1102,pcalm,0.001,0.1,0.2,0.04041990908883623,0.8788039710016164,0.022319691587715594
nonlinear,1103,pcalm,0.001,0.1,0.2,0.05002849538136942,0.8614947269998083,0.029701923873335003
nonlinear,1104,pcalm,0.001,0.1,0.2,0.03207699162709637,0.969103424999048,0.022835500138573113
nonlinear,1100,pcalm,0.001,0.1,0.5,0.03278320681536472,1.0208984569981112,0.018667167264392742
nonlinear,1101,pcalm,0.001,0.1,0.5,0.04551805539508456,0.9620765149993531,0.0245687806965498
nonlinear,1102,pcalm,0.001,0.1,0.5,0.04059785479487303,0.9021360879996791,0.018475248113838178
nonlinear,1103,pcalm,0.001,0.1,0.5,0.05056752764596878,0.9656094210004085,0.02511497240038957
nonlinear,1104,pcalm,0.001,0.1,0.5,0.03258024802265492,0.8739284490002319,0.018603558549957464
nonlinear,1100,pcalm,0.003,0.05,0.2,0.011304220249209872,0.9430464889992436,0.012276457000294519
nonlinear,1101,pcalm,0.003,0.05,0.2,0.016696980600019753,0.8625190390011994,0.014703985185594282
nonlinear,1102,pcalm,0.003,0.05,0.2,0.011902276516294214,0.8575620020019414,0.011787522619241084
nonlinear,1103,pcalm,0.003,0.05,0.2,0.018201900428174725,1.0567268880004121,0.016327826831188153
nonlinear,1104,pcalm,0.003,0.05,0.2,0.011781121420946986,0.8991311460013094,0.013512693367611678
nonlinear,1100,pcalm,0.003,0.05,0.5,0.01223206617293072,0.8878333110005769,0.01034108685120123
nonlinear,1101,pcalm,0.003,0.05,0.5,0.01688094036884148,0.9129903290013317,0.012507047251425304
nonlinear,1102,pcalm,0.003,0.05,0.5,0.012370088949478011,0.9086920979971183,0.009964143651907164
nonlinear,1103,pcalm,0.003,0.05,0.5,0.018852132562599242,0.9950340229988797,0.013997652587711738
nonlinear,1104,pcalm,0.003,0.05,0.5,0.012263102992209845,0.829529165999702,0.011436467641969535
nonlinear,1100,pcalm,0.003,0.1,0.2,0.013269823513241916,0.9019236029998865,0.013890488507924292
nonlinear,1101,pcalm,0.003,0.1,0.2,0.017630008577078613,0.8652722299993911,0.016418337406477686
nonlinear,1102,pcalm,0.003,0.1,0.2,0.013328214913163064,0.8543193920013437,0.013206110579967002
nonlinear,1103,pcalm,0.003,0.1,0.2,0.02177087028812841,0.8654022780028754,0.01843389687884251
nonlinear,1104,pcalm,0.003,0.1,0.2,0.01262971062813128,0.9820518020023883,0.015240373637993257
nonlinear,1100,pcalm,0.003,0.1,0.5,0.01430157365234346,0.8766193960000237,0.011489150304363666
nonlinear,1101,pcalm,0.003,0.1,0.5,0.01801420439321787,0.8924840720028442,0.014071758511305418
nonlinear,1102,pcalm,0.003,0.1,0.5,0.013630819487091099,0.8725183959977585,0.0109972504221916
nonlinear,1103,pcalm,0.003,0.1,0.5,0.021630405177279072,0.986982991998957,0.01569261625238056
nonlinear,1104,pcalm,0.003,0.1,0.5,0.013333660125940129,1.062607369000034,0.012819668786906085
nonlinear,1100,tp,0.001,0.05,0.2,0.031391159121645175,0.9006292820013186,0.01997330057077441
nonlinear,1101,tp,0.001,0.05,0.2,0.044378592511617874,0.8954488589988614,0.025174849352775894
nonlinear,1102,tp,0.001,0.05,0.2,0.036821944509104115,0.9066030319991114,0.019127967098582065
nonlinear,1103,tp,0.001,0.05,0.2,0.04534744070381517,0.8992515099998855,0.026269524478421482
nonlinear,1104,tp,0.001,0.05,0.2,0.03118654288897352,0.861041459000262,0.020234647237157136
nonlinear,1100,tp,0.001,0.05,0.5,0.032262791791923436,0.863391358001536,0.01683366430618158
nonlinear,1101,tp,0.001,0.05,0.5,0.04468482407951265,0.8322804649978934,0.021298307792547603
nonlinear,1102,tp,0.001,0.05,0.5,0.03777256309061354,0.8261859010017361,0.01610978816097527
nonlinear,1103,tp,0.001,0.05,0.5,0.047099793110419175,0.8636530929979926,0.022211017494327478
nonlinear,1104,tp,0.001,0.05,0.5,0.03179081652988736,0.8909500539994042,0.016868038836257076
nonlinear,1100,tp,0.001,0.1,0.2,0.03208566715815662,0.9527354990023014,0.023378189968894
nonlinear,1101,tp,0.001,0.1,0.2,0.04554278280727218,0.8574191719999362,0.028561837960604984
nonlinear,1102,tp,0.001,0.1,0.2,0.04005065974016549,0.8187161320020095,0.02223723033851446
nonlinear,1103,tp,0.001,0.1,0.2,0.05251444796218821,0.8442393529985566,0.030229305560543054
nonlinear,1104,tp,0.001,0.1,0.2,0.03230344652345188,0.8628345409997564,0.02297246076207767
nonlinear,1100,tp,0.001,0.1,0.5,0.03286001893543459,0.8478439909995359,0.019036683292317672
nonlinear,1101,tp,0.001,0.1,0.5,0.045731799495450975,0.851547873000527,0.025479196632499347
nonlinear,1102,tp,0.001,0.1,0.5,0.04018377777971142,0.8379296800012526,0.019071829059831343
nonlinear,1103,tp,0.001,0.1,0.5,0.05349518965622807,0.9282535790007387,0.026359307053890134
nonlinear,1104,tp,0.001,0.1,0.5,0.03268855777236136,0.8843579580025107,0.019267120228080924
nonlinear,1100,tp,0.003,0.05,0.2,0.011240008652578437,0.9636023819984985,0.012111724347512374
nonlinear,1101,tp,0.003,0.05,0.2,0.016770910458041636,0.9265029550006147,0.014524632482010233
nonlinear,1102,tp,0.003,0.05,0.2,0.011805361667443018,0.9380533869989449,0.01160596812230275
nonlinear,1103,tp,0.003,0.05,0.2,0.018684166574319844,0.824398826000106,0.016336289487959597
nonlinear,1104,tp,0.003,0.05,0.2,0.011787391582442125,0.8288522420007212,0.013505382591911126
nonlinear,1100,tp,0.003,0.05,0.5,0.012131411740038784,0.8487932229982107,0.010239320551381409
nonlinear,1101,tp,0.003,0.05,0.5,0.01715010411053457,0.846033724003064,0.012431135441456541
nonlinear,1102,tp,0.003,0.05,0.5,0.012306535167926782,0.9939358939991507,0.009849436114764257
nonlinear,1103,tp,0.003,0.05,0.5,0.019470308127657886,0.8445401689969003,0.014010174966777091
nonlinear,1104,tp,0.003,0.05,0.5,0.01229535099871476,0.8706010050009354,0.01149255983079575
nonlinear,1100,tp,0.003,0.1,0.2,0.01312634187097148,0.8450178909988608,0.013868674843522772
nonlinear,1101,tp,0.003,0.1,0.2,0.018089384801183685,0.8640062010017573,0.016543870967589584
nonlinear,1102,tp,0.003,0.1,0.2,0.013043957088591974,0.9079719729998033,0.013280870985591636
nonlinear,1103,tp,0.003,0.1,0.2,0.0230496414121024,0.8263465810014168,0.018946991222524842
nonlinear,1104,tp,0.003,0.1,0.2,0.012898771431166689,0.8541402199989534,0.01551598137195255
nonlinear,1100,tp,0.003,0.1,0.5,0.014104228966989818,0.9029688629998418,0.01177665283869425
nonlinear,1101,tp,0.003,0.1,0.5,0.01864620990873204,0.8476887740034726,0.01463832767964107
nonlinear,1102,tp,0.003,0.1,0.5,0.01324477942276433,0.840545335002389,0.011440070587641488
nonlinear,1103,tp,0.003,0.1,0.5,0.023056045167511904,0.8308194959972752,0.01661974369634114
nonlinear,1104,tp,0.003,0.1,0.5,0.01371855411757479,0.8314572500021313,0.01338301137533105
nonlinear,1100,shuffle,0.001,0.05,0.2,0.031159890806806794,0.8491008010023506,0.01979302143220135
nonlinear,1101,shuffle,0.001,0.05,0.2,0.044253378640289075,0.8492185180002707,0.02541448620446613
nonlinear,1102,shuffle,0.001,0.05,0.2,0.036953467899716076,0.8345898080006009,0.019234496194451715
nonlinear,1103,shuffle,0.001,0.05,0.2,0.04422615609458023,0.8731962599995313,0.026351487944942943
nonlinear,1104,shuffle,0.001,0.05,0.2,0.03113325175691127,0.8694730339993839,0.01976473502686447
nonlinear,1100,shuffle,0.001,0.05,0.5,0.032038465074815566,0.8400665320004919,0.016612466736751954
nonlinear,1101,shuffle,0.001,0.05,0.5,0.04461216978096704,0.8346428189979633,0.021440870581441993
nonlinear,1102,shuffle,0.001,0.05,0.5,0.03819287418173472,0.8328478990006261,0.016338729079352046
nonlinear,1103,shuffle,0.001,0.05,0.5,0.04526806148291457,0.8330774900023243,0.022161729744565938
nonlinear,1104,shuffle,0.001,0.05,0.5,0.03182033742416521,0.8499576989997877,0.01652394958777796
nonlinear,1100,shuffle,0.001,0.1,0.2,0.031865316603626036,0.868603250997694,0.023186665010591714
nonlinear,1101,shuffle,0.001,0.1,0.2,0.04549655960938428,0.8616640319996804,0.02883461562504017
nonlinear,1102,shuffle,0.001,0.1,0.2,0.04136055758073708,0.8375447899998107,0.022901202193086067
nonlinear,1103,shuffle,0.001,0.1,0.2,0.048457710605549736,0.8954099069997028,0.02975042828501443
nonlinear,1104,shuffle,0.001,0.1,0.2,0.032352450228280975,0.9158909719990334,0.022904889308995775
nonlinear,1100,shuffle,0.001,0.1,0.5,0.03260201895242973,0.9297932490007952,0.01908237105499473
nonlinear,1101,shuffle,0.001,0.1,0.5,0.04587705700988746,1.01147001299978,0.025543229975195172
nonlinear,1102,shuffle,0.001,0.1,0.5,0.041966631452444,0.9017637389988522,0.019853667244163653
nonlinear,1103,shuffle,0.001,0.1,0.5,0.04884018258073031,0.8459691700008989,0.02539830797084418
nonlinear,1104,shuffle,0.001,0.1,0.5,0.03324135929480566,0.8701694810006302,0.019696912484386826
nonlinear,1100,shuffle,0.003,0.05,0.2,0.011415032429139937,0.9471701840011519,0.012079277432609689
nonlinear,1101,shuffle,0.003,0.05,0.2,0.016858695239998167,0.9526889310000115,0.01467974431696465
nonlinear,1102,shuffle,0.003,0.05,0.2,0.012022860203177868,0.9914423019981768,0.011838969042896772
nonlinear,1103,shuffle,0.003,0.05,0.2,0.018091021306695754,0.8989408029992774,0.01645063321526524
nonlinear,1104,shuffle,0.003,0.05,0.2,0.0119572291510054,0.8432677310011059,0.01322844228634808
nonlinear,1100,shuffle,0.003,0.05,0.5,0.012404721230212324,0.8462979450014245,0.010278231808290347
nonlinear,1101,shuffle,0.003,0.05,0.5,0.017189866727658615,0.8544977899982769,0.012659828516424427
nonlinear,1102,shuffle,0.003,0.05,0.5,0.012529864884936862,0.9661856379971141,0.010113358524471417
nonlinear,1103,shuffle,0.003,0.05,0.5,0.018641101611490064,0.9572841299996071,0.014095350472117527
nonlinear,1104,shuffle,0.003,0.05,0.5,0.012503047366651818,0.9287091300029715,0.011348830878875792
nonlinear,1100,shuffle,0.003,0.1,0.2,0.013563731702866377,0.9259426729986444,0.013923053869098272
nonlinear,1101,shuffle,0.003,0.1,0.2,0.017734573006515063,0.9668561919970671,0.016484412076087116
nonlinear,1102,shuffle,0.003,0.1,0.2,0.013692354298859058,1.0067236329996376,0.013366052803859652
nonlinear,1103,shuffle,0.003,0.1,0.2,0.021089193945543403,0.9789851940004155,0.018579723170717436
nonlinear,1104,shuffle,0.003,0.1,0.2,0.013201310069600842,0.9094536729971878,0.015451534450572357
nonlinear,1100,shuffle,0.003,0.1,0.5,0.014743632182323572,0.8665884839974751,0.012163598756256097
nonlinear,1101,shuffle,0.003,0.1,0.5,0.018301866591712655,0.8801263420027681,0.014443120094221391
nonlinear,1102,shuffle,0.003,0.1,0.5,0.014179178698165889,0.8484228570014238,0.011600182931789514
nonlinear,1103,shuffle,0.003,0.1,0.5,0.021103646211159132,0.9414345139994111,0.016371738143131562
nonlinear,1104,shuffle,0.003,0.1,0.5,0.014273939670374306,0.9732091119985853,0.013847404873702023
linear,1100,bp,0.0001,0.1,0.0,1.0784894326573167,0.1348868989989569,0.0
linear,1101,bp,0.0001,0.1,0.0,1.0819603629732208,0.14602346399988164,0.0
linear,1102,bp,0.0001,0.1,0.0,1.0683263146028912,0.1694967839976016,0.0
linear,1103,bp,0.0001,0.1,0.0,1.0396566790318038,0.1665513009975257,0.0
linear,1104,bp,0.0001,0.1,0.0,0.9593385545808428,0.16416728100011824,0.0
linear,1100,bp,0.0003,0.1,0.0,0.8721198300491647,0.14683148299809545,0.0
linear,1101,bp,0.0003,0.1,0.0,0.9088582996585667,0.15363403000083053,0.0
linear,1102,bp,0.0003,0.1,0.0,0.8837172968673276,0.15597113100011484,0.0
linear,1103,bp,0.0003,0.1,0.0,0.8382057984879207,0.13274899699899834,0.0
linear,1104,bp,0.0003,0.1,0.0,0.7911980202503717,0.17155630300112534,0.0
linear,1100,bp,0.0005,0.1,0.0,0.7741940902422814,0.15745018599773175,0.0
linear,1101,bp,0.0005,0.1,0.0,0.8211302245912382,0.15543203400011407,0.0
linear,1102,bp,0.0005,0.1,0.0,0.7891325649608755,0.12657476200183737,0.0
linear,1103,bp,0.0005,0.1,0.0,0.74466154360339,0.12817176099997596,0.0
linear,1104,bp,0.0005,0.1,0.0,0.7004380936183495,0.1257721779984422,0.0
linear,1100,bp,0.001,0.1,0.0,0.6577086571253571,0.13650128500012215,0.0
linear,1101,bp,0.001,0.1,0.0,0.6929865834372541,0.1306248310029332,0.0
linear,1102,bp,0.001,0.1,0.0,0.6558292145439752,0.14719044400044368,0.0
linear,1103,bp,0.001,0.1,0.0,0.6304994476917969,0.13032752899744082,0.0
linear,1104,bp,0.001,0.1,0.0,0.5835765207700506,0.12663592399985646,0.0
linear,1100,bp,0.002,0.1,0.0,0.5527613617968642,0.12722296499850927,0.0
linear,1101,bp,0.002,0.1,0.0,0.557223826445523,0.12560956199740758,0.0
linear,1102,bp,0.002,0.1,0.0,0.534306989367872,0.124220501002128,0.0
linear,1103,bp,0.002,0.1,0.0,0.5201953278597097,0.1278011449976475,0.0
linear,1104,bp,0.002,0.1,0.0,0.4920377727880847,0.13324238499990315,0.0
linear,1100,bp,0.003,0.1,0.0,0.4879375390140912,0.13887610199890332,0.0
linear,1101,bp,0.003,0.1,0.0,0.48792558543042897,0.1324021670006914,0.0
linear,1102,bp,0.003,0.1,0.0,0.47099681300143253,0.14300449399888748,0.0
linear,1103,bp,0.003,0.1,0.0,0.4599605992261712,0.12457064399859519,0.0
linear,1104,bp,0.003,0.1,0.0,0.4509859501079508,0.1291918880015146,0.0
linear,1100,bp,0.006,0.1,0.0,0.4166057389357245,0.13242224399800762,0.0
linear,1101,bp,0.006,0.1,0.0,0.41178279650021493,0.12693028899957426,0.0
linear,1102,bp,0.006,0.1,0.0,0.39620963774802465,0.14364721599849872,0.0
linear,1103,bp,0.006,0.1,0.0,0.3825349083355049,0.1484005749989592,0.0
linear,1104,bp,0.006,0.1,0.0,0.37998047662906753,0.1268138329978683,0.0
linear,1100,bp,0.01,0.1,0.0,0.38716271291514587,0.12473782199958805,0.0
linear,1101,bp,0.01,0.1,0.0,0.3926084996447825,0.12385465899933479,0.0
linear,1102,bp,0.01,0.1,0.0,0.3748379653291701,0.12348701899827574,0.0
linear,1103,bp,0.01,0.1,0.0,0.3341090757617231,0.1258394610013056,0.0
linear,1104,bp,0.01,0.1,0.0,0.345683127891897,0.1243549200007692,0.0
linear,1100,pc,0.0005,0.05,0.0,0.7757026784051432,0.8862893879995681,0.10941436451885389
linear,1101,pc,0.0005,0.05,0.0,0.8045003596934147,0.879599951000273,0.12638758068814182
linear,1102,pc,0.0005,0.05,0.0,0.7702436194249721,0.8682070779977948,0.11449268284603502
linear,1103,pc,0.0005,0.05,0.0,0.7550115647342054,0.9070556049991865,0.12352004582302578
linear,1104,pc,0.0005,0.05,0.0,0.6959436238355611,0.8883974210002634,0.11088642681018651
linear,1100,pc,0.0005,0.1,0.0,0.8006739829986848,0.8616125799999281,0.1445100894260594
linear,1101,pc,0.0005,0.1,0.0,0.8245445905106387,0.8812032040004851,0.15947764239258386
linear,1102,pc,0.0005,0.1,0.0,0.7873052552480951,0.8765695789988968,0.1541496919336494
linear,1103,pc,0.0005,0.1,0.0,0.7901031872428529,0.894053799998801,0.15446341577343334
linear,1104,pc,0.0005,0.1,0.0,0.7186354752259295,0.8368685390014434,0.14721129696147892
linear,1100,pc,0.001,0.05,0.0,0.6707656676899942,0.8679567290018895,0.10848238835210615
linear,1101,pc,0.001,0.05,0.0,0.6855073072487082,0.9081117130008352,0.12032375199459766
linear,1102,pc,0.001,0.05,0.0,0.644071489361844,0.9085429839979042,0.1107070423260544
linear,1103,pc,0.001,0.05,0.0,0.624547057542173,0.8848779750005633,0.11487361467957038
linear,1104,pc,0.001,0.05,0.0,0.582563056668863,0.8438582119997591,0.10687989206247643
linear,1100,pc,0.001,0.1,0.0,0.7024222021008683,0.8925135319987021,0.13384332476261
linear,1101,pc,0.001,0.1,0.0,0.710316800117362,0.8530009710011655,0.1462776573485956
linear,1102,pc,0.001,0.1,0.0,0.6783262012230097,0.8848248510003032,0.1394631946281335
linear,1103,pc,0.001,0.1,0.0,0.6578816258952033,0.9434957519988529,0.13748580218290807
linear,1104,pc,0.001,0.1,0.0,0.6260763119903612,0.9952499400023953,0.13365917105604486
linear,1100,pc,0.003,0.05,0.0,0.5906258164439032,1.043986157998006,0.08956371384381955
linear,1101,pc,0.003,0.05,0.0,0.5361395448485972,1.0798867760022404,0.10007919684521384
linear,1102,pc,0.003,0.05,0.0,0.5417879489319132,1.0238920919982775,0.09168128803143612
linear,1103,pc,0.003,0.05,0.0,0.4874093238534985,0.8693629410008725,0.09249797835046404
linear,1104,pc,0.003,0.05,0.0,0.45757685766104444,0.8741449370027112,0.08981889780636415
linear,1100,pc,0.003,0.1,0.0,0.6507271982847943,0.8466423729987582,0.09204221325532702
linear,1101,pc,0.003,0.1,0.0,0.6149601762585132,0.8474057950006681,0.10636403301547914
linear,1102,pc,0.003,0.1,0.0,0.6578196180119813,0.8233658229983121,0.10444162709773329
linear,1103,pc,0.003,0.1,0.0,0.6084588408473236,0.8401667610014556,0.10659065238636375
linear,1104,pc,0.003,0.1,0.0,0.580174664083118,0.8501725379974232,0.10443744650997297
linear,1100,pc,0.006,0.05,0.0,0.5974378137103525,0.9068706489997567,0.06274891649120548
linear,1101,pc,0.006,0.05,0.0,0.5029178445313486,0.9443101399992884,0.06596605486432117
linear,1102,pc,0.006,0.05,0.0,0.537626216770757,0.8604130859966972,0.0690262659240057
linear,1103,pc,0.006,0.05,0.0,0.4667477419335202,0.893433178000123,0.06829145949768844
linear,1104,pc,0.006,0.05,0.0,0.46570103789091366,0.8641859449999174,0.06385017557212555
linear,1100,pc,0.006,0.1,0.0,0.6861696552066846,0.9220724950027943,0.10455866563631815
linear,1101,pc,0.006,0.1,0.0,0.7361741236559967,0.8616029820004769,0.11013883882894623
linear,1102,pc,0.006,0.1,0.0,0.7011665247796639,0.8866981749997649,0.10172710035820234
linear,1103,pc,0.006,0.1,0.0,0.7014686365092535,0.9325184250010352,0.11792397534914474
linear,1104,pc,0.006,0.1,0.0,0.6136351902687628,0.927760941998713,0.10143815474629043
linear,1100,pcalm,0.001,0.05,0.2,0.6733433706347043,0.9817500739991374,0.09167892066850233
linear,1101,pcalm,0.001,0.05,0.2,0.683146370167509,0.9131077899983211,0.09890000589678767
linear,1102,pcalm,0.001,0.05,0.2,0.6464828336241287,0.8609535350005899,0.09309015707538786
linear,1103,pcalm,0.001,0.05,0.2,0.6339886689501001,0.8384074710011191,0.09630487443833437
linear,1104,pcalm,0.001,0.05,0.2,0.582671542712595,0.8419047110000974,0.08993550237731958
linear,1100,pcalm,0.001,0.05,0.5,0.6779579125641373,0.87406586400175,0.07543156952718547
linear,1101,pcalm,0.001,0.05,0.5,0.6854084337381051,0.8846997590007959,0.07961513766110848
linear,1102,pcalm,0.001,0.05,0.5,0.6489199840149388,0.8729637770011323,0.07556079081397299
linear,1103,pcalm,0.001,0.05,0.5,0.6405945093681258,0.9109125990034954,0.0792471942785471
linear,1104,pcalm,0.001,0.05,0.5,0.585064533292102,0.993354881000414,0.07382967340542432
linear,1100,pcalm,0.001,0.1,0.2,0.7025844459001899,0.8472475140006281,0.10692853565700844
linear,1101,pcalm,0.001,0.1,0.2,0.7090074055235881,0.8388696090005396,0.11462172266161276
linear,1102,pcalm,0.001,0.1,0.2,0.6764886840569272,0.8682573519981815,0.10978295155710013
linear,1103,pcalm,0.001,0.1,0.2,0.6675686509875572,0.8863598450006975,0.11029054268732702
linear,1104,pcalm,0.001,0.1,0.2,0.6270570725114475,0.9649859739984095,0.10552440319571829
linear,1100,pcalm,0.001,0.1,0.5,0.7035698313039314,0.8573077729997749,0.0868909013048751
linear,1101,pcalm,0.001,0.1,0.5,0.7084917059377859,0.8710164210024232,0.092987868331597
linear,1102,pcalm,0.001,0.1,0.5,0.6758204599097594,0.8594681439972192,0.08758220399881264
linear,1103,pcalm,0.001,0.1,0.5,0.6746328458925429,0.990156276999187,0.0898974846211846
linear,1104,pcalm,0.001,0.1,0.5,0.620383863077343,0.8968971290014451,0.08825071675336806
linear,1100,pcalm,0.003,0.05,0.2,0.5998274131659294,0.8164876049995655,0.07160618372087797
linear,1101,pcalm,0.003,0.05,0.2,0.5624501824110116,0.8875131679997139,0.07933956359956987
linear,1102,pcalm,0.003,0.05,0.2,0.5448974633230687,0.9508949289993325,0.07335713310628386
linear,1103,pcalm,0.003,0.05,0.2,0.5051729810673931,1.007217849000881,0.07466560829770127
linear,1104,pcalm,0.003,0.05,0.2,0.45673808185485215,0.9462891069997568,0.0740045043653904
linear,1100,pcalm,0.003,0.05,0.5,0.6031225103327515,0.9282347490006941,0.06032661754816364
linear,1101,pcalm,0.003,0.05,0.5,0.5788634054905227,0.9726016310014529,0.06893541135839408
linear,1102,pcalm,0.003,0.05,0.5,0.545411800926817,0.8605801189987687,0.06138459366291159
linear,1103,pcalm,0.003,0.05,0.5,0.5112128878551687,0.850014124000154,0.06332828954798037
linear,1104,pcalm,0.003,0.05,0.5,0.4504440790996207,0.8329160809989844,0.06364757827527888
linear,1100,pcalm,0.003,0.1,0.2,0.6621444093544699,0.8982253539979865,0.0968774222991647
linear,1101,pcalm,0.003,0.1,0.2,0.6236558741092139,0.893219888999738,0.10729861304531862
linear,1102,pcalm,0.003,0.1,0.2,0.6375291317307502,0.8778788739982701,0.10583056206321617
linear,1103,pcalm,0.003,0.1,0.2,0.5860664863668531,0.9090160679988912,0.11083910580663538
linear,1104,pcalm,0.003,0.1,0.2,0.5344398323606063,0.8537177239995799,0.11216139942657334
linear,1100,pcalm,0.003,0.1,0.5,0.6526387346961876,0.8817455610005709,0.11521310683818553
linear,1101,pcalm,0.003,0.1,0.5,0.6137868011206089,0.8529803639976308,0.13117410614254935
linear,1102,pcalm,0.003,0.1,0.5,0.6147255935466318,0.8605913950013928,0.1230548398331337
linear,1103,pcalm,0.003,0.1,0.5,0.589397744623599,0.861089684000035,0.1285250778308903
linear,1104,pcalm,0.003,0.1,0.5,0.5230942660930994,0.8622222129997681,0.1404291889141482
linear,1100,tp,0.001,0.05,0.2,0.6703950667393835,0.8382650640014617,0.09044617990620966
linear,1101,tp,0.001,0.05,0.2,0.6825444458193933,0.9011786019982537,0.09677636405234166
linear,1102,tp,0.001,0.05,0.2,0.6472509828219062,0.9187223280023318,0.09122376050521944
linear,1103,tp,0.001,0.05,0.2,0.6334357556966764,0.8730169439986639,0.09531291405901203
linear,1104,tp,0.001,0.05,0.2,0.5821340254305506,0.9113111610022315,0.08968800573239816
linear,1100,tp,0.001,0.05,0.5,0.6751287296864238,0.8758916939987103,0.07447654880199123
linear,1101,tp,0.001,0.05,0.5,0.6830328423795429,0.8345960070000729,0.07807618999962178
linear,1102,tp,0.001,0.05,0.5,0.6487577275706468,0.8423981689993525,0.0743850199848917
linear,1103,tp,0.001,0.05,0.5,0.639858722046346,0.8393361650014413,0.07852753261974078
linear,1104,tp,0.001,0.05,0.5,0.5830469464594344,0.8427527120002196,0.07359631466993165
linear,1100,tp,0.001,0.1,0.2,0.7016792521621076,0.835867623998638,0.10652568538747259
linear,1101,tp,0.001,0.1,0.2,0.7080203055823001,0.9021286150018568,0.11347480531058966
linear,1102,tp,0.001,0.1,0.2,0.6748503874088891,0.9164181490014016,0.1087778481357927
linear,1103,tp,0.001,0.1,0.2,0.66975278795521,1.0463392099991324,0.10953853610638167
linear,1104,tp,0.001,0.1,0.2,0.6292297871635008,0.8857071790007467,0.10605625054366531
linear,1100,tp,0.001,0.1,0.5,0.7046469179347948,0.9268884359989897,0.08992124316114224
linear,1101,tp,0.001,0.1,0.5,0.7065789741635644,0.8558781940009794,0.09336343402472312
linear,1102,tp,0.001,0.1,0.5,0.6715195577240257,0.9380752039978688,0.088536980429824
linear,1103,tp,0.001,0.1,0.5,0.6768690785945845,1.0570068710003397,0.09165416546863094
linear,1104,tp,0.001,0.1,0.5,0.6208977941236427,0.8922700670009363,0.09118326225406584
linear,1100,tp,0.003,0.05,0.2,0.5915403121749162,0.8303382499980216,0.07103984217523103
linear,1101,tp,0.003,0.05,0.2,0.5641079716043639,0.8291586490013287,0.07739273156444738
linear,1102,tp,0.003,0.05,0.2,0.5469204626565088,0.8346810790026211,0.07222263585983235
linear,1103,tp,0.003,0.05,0.2,0.5112166825485597,0.8314722559989605,0.07351890845135858
linear,1104,tp,0.003,0.05,0.2,0.4686704693811005,0.8835689129991806,0.07355304804994063
linear,1100,tp,0.003,0.05,0.5,0.5943304594166011,0.8597680849998142,0.06097635879949332
linear,1101,tp,0.003,0.05,0.5,0.5743892230985507,0.8745469259993115,0.0669489469648421
linear,1102,tp,0.003,0.05,0.5,0.5432906806554364,1.0225319010023668,0.061312348416069196
linear,1103,tp,0.003,0.05,0.5,0.5185391393643649,0.9901938180009893,0.06391029330609764
linear,1104,tp,0.003,0.05,0.5,0.4529767553559237,0.8391652560021612,0.0637775418608831
linear,1100,tp,0.003,0.1,0.2,0.6565385799960427,0.8166792939991865,0.09791202718848153
linear,1101,tp,0.003,0.1,0.2,0.6283207084595172,0.8465191220020643,0.10730039962446626
linear,1102,tp,0.003,0.1,0.2,0.6424033534871315,0.8479653019967373,0.11586417496710127
linear,1103,tp,0.003,0.1,0.2,0.5991863390684441,0.8859040390016162,0.10799001014264477
linear,1104,tp,0.003,0.1,0.2,0.5460292777411163,0.9348644160018011,0.1151595809883129
linear,1100,tp,0.003,0.1,0.5,0.6477391517935605,0.8982738230006362,0.1161212123679446
linear,1101,tp,0.003,0.1,0.5,0.6157619270739616,0.9130954920001386,0.1380663511271521
linear,1102,tp,0.003,0.1,0.5,0.6384165054451277,0.8725557800025854,0.14346585883091684
linear,1103,tp,0.003,0.1,0.5,0.5869379835655276,0.8687193900004786,0.11916518795583786
linear,1104,tp,0.003,0.1,0.5,0.5304435865924644,0.9158178430006956,0.12876718370368906
linear,1100,shuffle,0.001,0.05,0.2,0.673627819656707,0.884254280001187,0.09064521398301402
linear,1101,shuffle,0.001,0.05,0.2,0.6824074744938194,0.87267117400188,0.09852400997389997
linear,1102,shuffle,0.001,0.05,0.2,0.6492800448843902,0.9427533790003508,0.09370075892070943
linear,1103,shuffle,0.001,0.05,0.2,0.6350579046298476,0.8370681579981465,0.09698065067267495
linear,1104,shuffle,0.001,0.05,0.2,0.585006160156014,0.8444815410002775,0.08974380079336412
linear,1100,shuffle,0.001,0.05,0.5,0.6787079187446343,0.8552003810000315,0.07559495400696088
linear,1101,shuffle,0.001,0.05,0.5,0.6849472162211425,0.8645866890001344,0.08002581208470677
linear,1102,shuffle,0.001,0.05,0.5,0.6510556705739117,0.8701442170022347,0.07638734284542331
linear,1103,shuffle,0.001,0.05,0.5,0.6426767307515928,0.8583541139996669,0.08004262037156108
linear,1104,shuffle,0.001,0.05,0.5,0.5867441642265315,0.8613085409997439,0.07371400201497222
linear,1100,shuffle,0.001,0.1,0.2,0.7072679249944739,0.8656939969987434,0.10784705422993267
linear,1101,shuffle,0.001,0.1,0.2,0.7102892879366403,0.8596596410025086,0.11639974252302683
linear,1102,shuffle,0.001,0.1,0.2,0.6796738090772626,0.8448106079995341,0.11112999676261161
linear,1103,shuffle,0.001,0.1,0.2,0.6722563986877642,1.00858889400115,0.11172591821983127
linear,1104,shuffle,0.001,0.1,0.2,0.6310474222863646,0.915905957997893,0.10634897368077195
linear,1100,shuffle,0.001,0.1,0.5,0.710725451726193,0.8586584529984975,0.09198609755983868
linear,1101,shuffle,0.001,0.1,0.5,0.7100897762409183,0.8425851020001573,0.09750054462475354
linear,1102,shuffle,0.001,0.1,0.5,0.6802985909736862,0.8422677410017059,0.09132026945283389
linear,1103,shuffle,0.001,0.1,0.5,0.6819467458442444,0.8311296520005271,0.09428142652639943
linear,1104,shuffle,0.001,0.1,0.5,0.6263639864522735,0.841435141999682,0.09211703991723473
linear,1100,shuffle,0.003,0.05,0.2,0.6009531388120335,0.8271309099982318,0.07106778909894737
linear,1101,shuffle,0.003,0.05,0.2,0.5572264000490672,0.8186988859997655,0.07985750994901179
linear,1102,shuffle,0.003,0.05,0.2,0.555652039464068,0.8726841960015008,0.07349794775414772
linear,1103,shuffle,0.003,0.05,0.2,0.4950577104039195,0.8732576549991791,0.0750781242469987
linear,1104,shuffle,0.003,0.05,0.2,0.47687231966372484,0.8591594199970132,0.07647938757968717
linear,1100,shuffle,0.003,0.05,0.5,0.6036834899793376,0.8438125009997748,0.06175054970430897
linear,1101,shuffle,0.003,0.05,0.5,0.582049317328113,0.8164319030001934,0.07079108241294049
linear,1102,shuffle,0.003,0.05,0.5,0.5601018387069706,0.8384477239997068,0.06299698640229001
linear,1103,shuffle,0.003,0.05,0.5,0.512736522294197,0.8387200739998661,0.06540439561729551
linear,1104,shuffle,0.003,0.05,0.5,0.4708711797483227,0.8435986539989244,0.06592303075766622
linear,1100,shuffle,0.003,0.1,0.2,0.6838402021170432,0.8124712579992774,0.10108976845879734
linear,1101,shuffle,0.003,0.1,0.2,0.6278193515818872,0.850335006001842,0.10512490728450066
linear,1102,shuffle,0.003,0.1,0.2,0.6400745200746109,0.8455225269972289,0.10715537472271178
linear,1103,shuffle,0.003,0.1,0.2,0.5947165306484042,0.8414251569993212,0.11882928135403012
linear,1104,shuffle,0.003,0.1,0.2,0.5565421842471886,0.8316792320001696,0.11996389643334134
linear,1100,shuffle,0.003,0.1,0.5,0.6751882226124875,0.8558784090018889,0.12296487775032743
linear,1101,shuffle,0.003,0.1,0.5,0.6273417276440386,0.845595446000516,0.13071588802149067
linear,1102,shuffle,0.003,0.1,0.5,0.6200513383365701,0.869910613000684,0.11736336196738043
linear,1103,shuffle,0.003,0.1,0.5,0.6030613810148685,0.833855617998779,0.13865309404964854
linear,1104,shuffle,0.003,0.1,0.5,0.5422999487936195,0.8207088999988628,0.14287803158324178
