task,seed,method,lr,eta,alpha,validation_mse,runtime_seconds,residual,test_mse,r2,noisy_input_mse,initial_test_mse
linear,1200,bp,0.01,0.1,0.0,0.36418707609194084,0.1200865149985475,0.0,0.37025053910791944,0.6369630273526288,0.3957808039349405,1.2748265252348865
linear,1201,bp,0.01,0.1,0.0,0.4136659857746585,0.1200379689980764,0.0,0.3923376720858766,0.5996975090566847,0.41972364966226855,1.2356421388832803
linear,1202,bp,0.01,0.1,0.0,0.3655690233462689,0.13865434900071705,0.0,0.3732984996841529,0.6018842559802703,0.39529855848448475,1.3674797700783223
linear,1203,bp,0.01,0.1,0.0,0.3815569727630124,0.12839451000036206,0.0,0.3794141434246328,0.6102346128178093,0.4058564941567007,1.2865031267484086
linear,1204,bp,0.01,0.1,0.0,0.4077047421653888,0.12164809000023524,0.0,0.42264247101609936,0.6301924697172401,0.4511676137197905,1.6013078914507222
linear,1205,bp,0.01,0.1,0.0,0.36182972462553603,0.12158184900181368,0.0,0.3683186354451602,0.6614031454505338,0.4011687045000243,1.4048286819579279
linear,1206,bp,0.01,0.1,0.0,0.34324269304449756,0.12799270799951046,0.0,0.34366414529428413,0.6680591853067643,0.3709914183581502,1.2549982624519205
linear,1207,bp,0.01,0.1,0.0,0.4081706033336765,0.12324642499879701,0.0,0.40467704663695847,0.5997001335818086,0.4308329917143598,1.278071097435192
linear,1208,bp,0.01,0.1,0.0,0.36315297381264494,0.14353131299867528,0.0,0.3506656010973345,0.6263096761484601,0.3739500435467293,1.1810939052529983
linear,1209,bp,0.01,0.1,0.0,0.380931103389003,0.13093019900043146,0.0,0.3939700592859467,0.6049137757505303,0.4195635621919848,1.4039045912944281
linear,1210,bp,0.01,0.1,0.0,0.37133406609376113,0.14995564700075192,0.0,0.3704139804705737,0.6413731803642095,0.396267894896414,1.2344300668182617
linear,1211,bp,0.01,0.1,0.0,0.36632124302371327,0.12360112899841624,0.0,0.3600303397597946,0.6270892850202974,0.3841387447494922,1.2623664796642393
linear,1212,bp,0.01,0.1,0.0,0.4098256564638986,0.12370937100058654,0.0,0.39874637275910246,0.6084417922638521,0.42555989410891254,1.2753160373018382
linear,1213,bp,0.01,0.1,0.0,0.3464079367073721,0.12431531599941081,0.0,0.3405943792409194,0.6380197905820792,0.3674075590150035,1.3396520978542614
linear,1214,bp,0.01,0.1,0.0,0.3551878213368422,0.16430684299848508,0.0,0.3461562924371002,0.6442826089604046,0.3684375406902414,1.2210208640497369
linear,1215,bp,0.01,0.1,0.0,0.36189494287326873,0.1228847019992827,0.0,0.34597093914662436,0.6712645908265105,0.3735028631562285,1.3531759601730513
linear,1216,bp,0.01,0.1,0.0,0.35789823839683743,0.1328912900025898,0.0,0.3857980905620106,0.6291354771710147,0.4095844892007137,1.4344518621314737
linear,1217,bp,0.01,0.1,0.0,0.35689473000161015,0.11984827799824416,0.0,0.3718906659126889,0.6281037257221493,0.40157958424658596,1.2781400618225416
linear,1218,bp,0.01,0.1,0.0,0.4061490423601594,0.12055489599879365,0.0,0.4183038347286998,0.5847680111997804,0.4433051091729207,1.316023050105071
linear,1219,bp,0.01,0.1,0.0,0.4352982994269407,0.12399457599894959,0.0,0.42495659479077535,0.5952863957697887,0.4512686158833387,1.3948560950466493
linear,1200,pc,0.006,0.05,0.0,0.5223799274376487,0.8362583699999959,0.06409007351661368,0.49361941241901075,0.5159977415391727,0.51418370252898,1.2748265252348865
linear,1201,pc,0.006,0.05,0.0,0.6131462580781671,0.8417555409978377,0.0671741624336276,0.5993342255185738,0.38849873348345165,0.6272613000179835,1.2356421388832803
linear,1202,pc,0.006,0.05,0.0,0.5268408776773824,0.9349412679985107,0.06784075708261755,0.5480134837645766,0.41555405123145683,0.5697438158411549,1.3674797700783223
linear,1203,pc,0.006,0.05,0.0,0.5664529321611733,0.904455981002684,0.06417464489495912,0.5604324205856961,0.4242777630074649,0.5772433956741604,1.2865031267484086
linear,1204,pc,0.006,0.05,0.0,0.6026728282803386,0.8383614179983851,0.0640371400994998,0.5830464565844934,0.4898407402567627,0.6129491070699099,1.6013078914507222
linear,1205,pc,0.006,0.05,0.0,0.5757713812886582,0.8471956969988241,0.07048399357726456,0.596722983781602,0.45143007737954643,0.6236289632293689,1.4048286819579279
linear,1206,pc,0.006,0.05,0.0,0.48681813727678325,0.8988709730001574,0.06604474241283839,0.5059732897141639,0.511286852875165,0.5353293506177111,1.2549982624519205
linear,1207,pc,0.006,0.05,0.0,0.5124868170504534,0.8591377999982797,0.07110716608263444,0.5448183842060451,0.4610746316543447,0.5733823774824046,1.278071097435192
linear,1208,pc,0.006,0.05,0.0,0.57499101113096,0.8362749869993422,0.05864002737639164,0.5693296344456275,0.3932881502819223,0.5908242061153288,1.1810939052529983
linear,1209,pc,0.006,0.05,0.0,0.504520420717986,0.9874218959994323,0.06340337294597695,0.540427032847019,0.4580418718192447,0.5703466048815441,1.4039045912944281
linear,1210,pc,0.006,0.05,0.0,0.5493711610217175,0.8629924669985485,0.06794151707662736,0.552873761311392,0.4647195593770711,0.5827625378872091,1.2344300668182617
linear,1211,pc,0.006,0.05,0.0,0.5050758200467736,0.8534847519986215,0.06531000222280647,0.5060278230141159,0.4758686242783995,0.5248969273818608,1.2623664796642393
linear,1212,pc,0.006,0.05,0.0,0.5351591449107219,0.8360409870001604,0.07740427496382585,0.5456414290479783,0.4641947999519709,0.5711163846734947,1.2753160373018382
linear,1213,pc,0.006,0.05,0.0,0.598022179028909,0.811360092000541,0.0705590088670341,0.5863744544358614,0.3768072500577794,0.6198062163468333,1.3396520978542614
linear,1214,pc,0.006,0.05,0.0,0.510214176513922,0.9661405590013601,0.0654241353234251,0.5013976638394076,0.4847533534676072,0.5274572618111478,1.2210208640497369
linear,1215,pc,0.006,0.05,0.0,0.5547999475583734,0.937297133001266,0.06694019606363139,0.5153081587592042,0.5103633882140841,0.536738682031537,1.3531759601730513
linear,1216,pc,0.006,0.05,0.0,0.5231184314294396,0.9050738279984216,0.06284075352906221,0.5723400586808944,0.44981422160645435,0.5916848459409231,1.4344518621314737
linear,1217,pc,0.006,0.05,0.0,0.47762695841669184,0.9278458900007536,0.0627474945489207,0.5187013139934072,0.48129086363661844,0.5502136055107667,1.2781400618225416
linear,1218,pc,0.006,0.05,0.0,0.5796889527458363,0.8181774839977152,0.07174954318934675,0.6093846173127879,0.39509044483141853,0.6394889966549718,1.316023050105071
linear,1219,pc,0.006,0.05,0.0,0.7114243405321204,0.8567259720002767,0.06309130449090126,0.7239055262651686,0.3105780255011966,0.7479243029629264,1.3948560950466493
linear,1200,pcalm,0.003,0.05,0.2,0.5019182873791834,0.8245792069974414,0.07229232416282796,0.49477587010415647,0.5148638150416673,0.515420993625629,1.2748265252348865
linear,1201,pcalm,0.003,0.05,0.2,0.6140578913629017,0.9456098919981741,0.07689690635183102,0.6027991317240785,0.38496348646632383,0.6258859141754335,1.2356421388832803
linear,1202,pcalm,0.003,0.05,0.2,0.5533018608417865,0.9622812269990391,0.07536327033008684,0.5552064924425449,0.4078828443983389,0.5740763990020423,1.3674797700783223
linear,1203,pcalm,0.003,0.05,0.2,0.5555032848950684,1.0570074669994938,0.07312975869111028,0.5516687336948819,0.43328054235382885,0.5657582782857883,1.2865031267484086
linear,1204,pcalm,0.003,0.05,0.2,0.617576886296824,0.8731668330001412,0.07507544822421693,0.6051466819129574,0.4705032852968696,0.6315036535928927,1.6013078914507222
linear,1205,pcalm,0.003,0.05,0.2,0.5738820257600362,0.9209022350005398,0.07741739397618767,0.6021712906103996,0.44642142623534997,0.6273304568343391,1.4048286819579279
linear,1206,pcalm,0.003,0.05,0.2,0.4989593697457097,0.8273933370001032,0.072828782109618,0.509619929597966,0.5077646099222798,0.5380914538816913,1.2549982624519205
linear,1207,pcalm,0.003,0.05,0.2,0.5385917136698994,0.8419071019998228,0.07630344745698385,0.5613145569866417,0.44475688935746516,0.5876622339574754,1.278071097435192
linear,1208,pcalm,0.003,0.05,0.2,0.5442127438871851,0.8578029720010818,0.06649973797309398,0.5519326785485187,0.41182739126500656,0.5731510108268503,1.1810939052529983
linear,1209,pcalm,0.003,0.05,0.2,0.49808434207937696,0.8840777419973165,0.07129191238019808,0.5153678677734632,0.48317203254693963,0.5422436114612185,1.4039045912944281
linear,1210,pcalm,0.003,0.05,0.2,0.5556056744935721,0.8669371830001182,0.07584552172294075,0.544897298904437,0.47244219808880816,0.5723761341747643,1.2344300668182617
linear,1211,pcalm,0.003,0.05,0.2,0.5144220940238228,0.8650635209996835,0.07127322660811815,0.5274942941210577,0.45363417288765917,0.5480175515428701,1.2623664796642393
linear,1212,pcalm,0.003,0.05,0.2,0.5376502648498535,0.8265998030001356,0.08150605385036758,0.5444518165432659,0.46536296741898164,0.5658010929352766,1.2753160373018382
linear,1213,pcalm,0.003,0.05,0.2,0.560152728641783,0.8371446620003553,0.07757116250856909,0.5596285219309186,0.405232552526933,0.5828355448384838,1.3396520978542614
linear,1214,pcalm,0.003,0.05,0.2,0.5117741158641779,0.8677100240020081,0.07536498416140905,0.4977033943211741,0.48854966150398904,0.518042196490502,1.2210208640497369
linear,1215,pcalm,0.003,0.05,0.2,0.6026623636470034,0.9427653299972008,0.07635328546100018,0.5787556639057161,0.4500767016593611,0.6013562084147802,1.3531759601730513
linear,1216,pcalm,0.003,0.05,0.2,0.5371624821332007,0.8895959829969797,0.07031794550147485,0.5854388167063143,0.4372224935404264,0.6051523501251778,1.4344518621314737
linear,1217,pcalm,0.003,0.05,0.2,0.4747964661528954,0.8660877069996786,0.06954873986295151,0.5109422853097997,0.4890500093316762,0.5395096486419516,1.2781400618225416
linear,1218,pcalm,0.003,0.05,0.2,0.5574950767693513,0.8237444820006203,0.0742805881946992,0.5835713258892339,0.4207141743920947,0.609685019648035,1.316023050105071
linear,1219,pcalm,0.003,0.05,0.2,0.651565976112655,0.9463218799974129,0.07210585482427102,0.6681576878891451,0.36367029156736264,0.6907129999130893,1.3948560950466493
linear,1200,shuffle,0.003,0.05,0.2,0.5090743177876751,0.8758941529995354,0.07180253049172391,0.4991090581141018,0.5106150502435589,0.5189293640383762,1.2748265252348865
linear,1201,shuffle,0.003,0.05,0.2,0.6169950966460324,0.8781861509996816,0.07750941755214766,0.6057490569830313,0.3819536749868977,0.6298628266392788,1.2356421388832803
linear,1202,shuffle,0.003,0.05,0.2,0.5683517555833909,0.9185841050020827,0.07465297814887936,0.570714072851866,0.39134430508509144,0.5903059501269109,1.3674797700783223
linear,1203,shuffle,0.003,0.05,0.2,0.571986641223438,0.9106480769987684,0.07458633804232978,0.5645147081827683,0.4200841017182464,0.5780241316043319,1.2865031267484086
linear,1204,shuffle,0.003,0.05,0.2,0.625075577489476,0.8525653479991888,0.07511201437436273,0.6078351084725276,0.46815094152045955,0.6331673082970134,1.6013078914507222
linear,1205,shuffle,0.003,0.05,0.2,0.5722660097936935,0.9682201020004868,0.07728776100694375,0.6001792985748312,0.44825267280454917,0.6249707965488289,1.4048286819579279
linear,1206,shuffle,0.003,0.05,0.2,0.49258487016223973,0.8720335479993082,0.0732881822428973,0.5035587482461865,0.5136190276829404,0.5308902947056917,1.2549982624519205
linear,1207,shuffle,0.003,0.05,0.2,0.5394618207516575,0.8383065109992458,0.07660424468992885,0.5587953224317724,0.447248874668149,0.5849732493791449,1.278071097435192
linear,1208,shuffle,0.003,0.05,0.2,0.5410541290158822,0.9364322959991114,0.06717458570915731,0.5486125449431039,0.4153655250265028,0.570308159490221,1.1810939052529983
linear,1209,shuffle,0.003,0.05,0.2,0.5004624005953857,0.8229253520003112,0.0711182782398925,0.5176703410164442,0.48086303611798886,0.5444531748803859,1.4039045912944281
linear,1210,shuffle,0.003,0.05,0.2,0.5598139855963962,0.9945175869979721,0.07565001707326283,0.5456894483584702,0.4716752560878199,0.5739268530419849,1.2344300668182617
linear,1211,shuffle,0.003,0.05,0.2,0.5105894459502193,0.8834545700010494,0.07107384315701469,0.5194853133675295,0.46192968137466495,0.5391963425474814,1.2623664796642393
linear,1212,shuffle,0.003,0.05,0.2,0.5351524838405785,0.806876236001699,0.08107951116653593,0.5419028818222079,0.46786595272291776,0.5629219454009419,1.2753160373018382
linear,1213,shuffle,0.003,0.05,0.2,0.5592241591903352,0.8638350609980989,0.07779890925057724,0.5605714723359951,0.40423039451757004,0.5839218207998534,1.3396520978542614
linear,1214,shuffle,0.003,0.05,0.2,0.5141738832252362,0.8937943290002295,0.07506638325768626,0.5032272788041917,0.48287320315371884,0.5232516635532698,1.2210208640497369
linear,1215,shuffle,0.003,0.05,0.2,0.6115592215290139,0.9523195520014269,0.07693240850917976,0.5838327831173288,0.44525251363487295,0.6055017400891799,1.3531759601730513
linear,1216,shuffle,0.003,0.05,0.2,0.5409166560698133,0.8309711629990488,0.06970085493985012,0.5909019617392074,0.4319708172741754,0.6120861426840911,1.4344518621314737
linear,1217,shuffle,0.003,0.05,0.2,0.481179462267388,0.87807468200117,0.06929240317533299,0.5163044861354372,0.48368772764038914,0.5458175663161291,1.2781400618225416
linear,1218,shuffle,0.003,0.05,0.2,0.5642435902278614,0.9118231249995006,0.07497216722220895,0.5913627996610699,0.4129799178986956,0.6180148138352662,1.316023050105071
linear,1219,shuffle,0.003,0.05,0.2,0.6603600614795818,1.0150076239988266,0.07452242432132074,0.6842527640973793,0.34834191125171776,0.7061280180969747,1.3948560950466493
linear,1200,tp,0.003,0.05,0.2,0.496320995949771,0.8241719840007136,0.07159911500958498,0.49416127416273387,0.515466436851518,0.5162975505103594,1.2748265252348865
linear,1201,tp,0.003,0.05,0.2,0.6168109263879112,0.8998539009990054,0.07707087068516588,0.6102563336176944,0.37735489645351417,0.6334394526737044,1.2356421388832803
linear,1202,tp,0.003,0.05,0.2,0.5482554057203223,0.9727882070001215,0.0751061555681297,0.5544291062434759,0.4087119119817739,0.5727791903592424,1.3674797700783223
linear,1203,tp,0.003,0.05,0.2,0.5585528596151615,0.9238016810013505,0.07270834077734921,0.5516453838853784,0.4333045291969645,0.5640634863751245,1.2865031267484086
linear,1204,tp,0.003,0.05,0.2,0.6149631141319573,0.9843873709978652,0.07387008048568863,0.6075122828783649,0.4684334103774166,0.6311703823375011,1.6013078914507222
linear,1205,tp,0.003,0.05,0.2,0.5690033143484206,0.9577244950014574,0.07606122660943385,0.5973201659350671,0.4508810853403248,0.6228240008567817,1.4048286819579279
linear,1206,tp,0.003,0.05,0.2,0.5158125416820528,0.8014578879992769,0.07181896732470232,0.5280860649613354,0.4899284053001669,0.554222153185021,1.2549982624519205
linear,1207,tp,0.003,0.05,0.2,0.5335028114839356,0.8972214109999186,0.0757869070187089,0.5541158315651805,0.45187774992650387,0.5808060701976939,1.278071097435192
linear,1208,tp,0.003,0.05,0.2,0.5387150263251893,0.9304595129979134,0.0649480164308383,0.5452214424798459,0.4189792874649715,0.5667706501279671,1.1810939052529983
linear,1209,tp,0.003,0.05,0.2,0.5010243041179937,0.8109752020027372,0.07128896459306779,0.5151014709915726,0.48343918406322517,0.5422932579067243,1.4039045912944281
linear,1210,tp,0.003,0.05,0.2,0.5471953707520204,0.8951735070004361,0.0745829219534415,0.5415275927318122,0.475704674862121,0.5696923917266128,1.2344300668182617
linear,1211,tp,0.003,0.05,0.2,0.5210359810647129,0.8990641700002016,0.06991465819711777,0.5356943172472353,0.4451407873333387,0.5567062096793598,1.2623664796642393
linear,1212,tp,0.003,0.05,0.2,0.5431744341936356,0.8226825220008323,0.07949538047932005,0.5478773835840229,0.461999152767383,0.5674873105435421,1.2753160373018382
linear,1213,tp,0.003,0.05,0.2,0.567729302943468,0.8293587740008661,0.07716685721440336,0.5628857014899532,0.4017708555326408,0.5866610116964416,1.3396520978542614
linear,1214,tp,0.003,0.05,0.2,0.5066859459594538,0.8683425869967323,0.07410027160947871,0.4934944452811252,0.492874864899842,0.5133144060085487,1.2210208640497369
linear,1215,tp,0.003,0.05,0.2,0.604860881722166,1.0715634430016507,0.07640832205697855,0.5858491413872614,0.44333660600823344,0.6087173348530618,1.3531759601730513
linear,1216,tp,0.003,0.05,0.2,0.5308387218768829,0.8288608000002569,0.06908299835552537,0.5785280994030498,0.443865709092239,0.599176428964478,1.4344518621314737
linear,1217,tp,0.003,0.05,0.2,0.47682963685639107,0.865142962000391,0.0689832897839458,0.5084556466615915,0.4915366854800931,0.5370764686769413,1.2781400618225416
linear,1218,tp,0.003,0.05,0.2,0.5524116497269502,1.0357875740010059,0.072550984447462,0.5759556171580817,0.4282739565887138,0.6017925226238758,1.316023050105071
linear,1219,tp,0.003,0.05,0.2,0.6510601222392453,0.8709507420026057,0.07112464691575117,0.6690420803550102,0.36282802751780596,0.6923831426049638,1.3948560950466493
nonlinear,1200,bp,0.01,0.1,0.0,0.004087579976413983,0.12297643500278355,0.0,0.004645530160106642,0.9862097509009239,0.022567740867916297,0.4341970820670758
nonlinear,1201,bp,0.01,0.1,0.0,0.00847336334515969,0.13705714799652924,0.0,0.008432086973036981,0.9793038770918567,0.029768310578351897,0.43868341336705113
nonlinear,1202,bp,0.01,0.1,0.0,0.0053551314795665765,0.12443033000090509,0.0,0.004895573203825177,0.9820078012704709,0.016368841953260868,0.46222503837380774
nonlinear,1203,bp,0.01,0.1,0.0,0.007703700720114626,0.12078087600093568,0.0,0.00792373104229904,0.9767007452487083,0.023498797022928328,0.4010165899007408
nonlinear,1204,bp,0.01,0.1,0.0,0.004302982438010499,0.13876039599927026,0.0,0.004493433375311773,0.9803430733041806,0.016387408765674464,0.38645583729937
nonlinear,1205,bp,0.01,0.1,0.0,0.004606847524170599,0.1195993199980876,0.0,0.0046179304315108576,0.9856296613923982,0.023012017179969802,0.40871848588464416
nonlinear,1206,bp,0.01,0.1,0.0,0.007671958408734789,0.12138198300090153,0.0,0.0077447768848900025,0.9715071813147017,0.019566953146403106,0.5358478256047619
nonlinear,1207,bp,0.01,0.1,0.0,0.004035733295649734,0.14532109400170157,0.0,0.004032095451345693,0.9815079533742387,0.015607844894571546,0.372083209595268
nonlinear,1208,bp,0.01,0.1,0.0,0.003726801466515578,0.131178521001857,0.0,0.003998102308495728,0.9874752234630201,0.018820934211188457,0.4518682531538773
nonlinear,1209,bp,0.01,0.1,0.0,0.009681287444699085,0.1329708830016898,0.0,0.010504889288848423,0.9684252881139519,0.02598987028575782,0.4857821229651915
nonlinear,1210,bp,0.01,0.1,0.0,0.006576610287900442,0.13375203099712962,0.0,0.006561661773787748,0.976769915053524,0.020195509262607287,0.4915850379898905
nonlinear,1211,bp,0.01,0.1,0.0,0.004861053993008069,0.12816156800181489,0.0,0.00477976248225928,0.9845040142556057,0.020270878518936306,0.4179274904385668
nonlinear,1212,bp,0.01,0.1,0.0,0.004026815586115252,0.13721502300177235,0.0,0.004091805052073346,0.9854397310507731,0.01712440852285774,0.32725561198804115
nonlinear,1213,bp,0.01,0.1,0.0,0.006131948590384778,0.12761286300155916,0.0,0.0061594407938855315,0.9853738090273751,0.026134254147080854,0.5645608524665656
nonlinear,1214,bp,0.01,0.1,0.0,0.0026371870672614664,0.12179648000164889,0.0,0.0027027286325109236,0.9903472340696726,0.0157176621316435,0.40572815789475847
nonlinear,1215,bp,0.01,0.1,0.0,0.004640336338840006,0.12825090400292538,0.0,0.004712031409790856,0.9860216268207057,0.022456988880948298,0.41231139727641075
nonlinear,1216,bp,0.01,0.1,0.0,0.004848728425255509,0.15951652699732222,0.0,0.004956412818546807,0.977581238856551,0.01398825586274767,0.3964935652814769
nonlinear,1217,bp,0.01,0.1,0.0,0.006208770683404834,0.13096735300132423,0.0,0.0069338085021315166,0.9778953672832804,0.019099962647934926,0.404892994596642
nonlinear,1218,bp,0.01,0.1,0.0,0.007145685578767121,0.12231661500118207,0.0,0.006979122000801853,0.9807795212663566,0.025448367272083692,0.43780976002017463
nonlinear,1219,bp,0.01,0.1,0.0,0.006863285265539777,0.14074841999899945,0.0,0.007259715195551397,0.9725625575673811,0.019135139910630834,0.4011748545021209
nonlinear,1200,pc,0.006,0.05,0.0,0.007395852115195109,0.8317975250029122,0.012067282256613824,0.008413866361514394,0.9750234507122526,0.02608013718962397,0.4341970820670758
nonlinear,1201,pc,0.006,0.05,0.0,0.01309779486488065,0.8166977729997598,0.0158160619842431,0.013083064326299415,0.9678882928771886,0.03314027153931604,0.43868341336705113
nonlinear,1202,pc,0.006,0.05,0.0,0.016041488191639322,0.8862576889987395,0.01503591596767259,0.01492207958638799,0.9451584094041606,0.025066301475169805,0.46222503837380774
nonlinear,1203,pc,0.006,0.05,0.0,0.012945094025162522,0.8290154559981602,0.015189563815890645,0.014508893893590903,0.9573374697876983,0.029158584100562143,0.4010165899007408
nonlinear,1204,pc,0.006,0.05,0.0,0.01068602663266456,0.8185201179985597,0.013853686830798571,0.01031245727335556,0.9548872321575135,0.020799144330446967,0.38645583729937
nonlinear,1205,pc,0.006,0.05,0.0,0.01371302700539953,0.8404493979978724,0.0168283015714289,0.0136585708728368,0.957496482190535,0.030086003346300367,0.40871848588464416
nonlinear,1206,pc,0.006,0.05,0.0,0.014137921541516078,0.8739706689993909,0.015752043481646993,0.01310645253033779,0.9517817257869672,0.02436774254703362,0.5358478256047619
nonlinear,1207,pc,0.006,0.05,0.0,0.00886728532588607,0.8478522570003406,0.012597801412196857,0.009520155185667184,0.9563385451306501,0.0206438984290403,0.372083209595268
nonlinear,1208,pc,0.006,0.05,0.0,0.007354350218664212,0.9528191009994771,0.010613535979169747,0.007350684637911901,0.9769726546796905,0.021618603016260157,0.4518682531538773
nonlinear,1209,pc,0.006,0.05,0.0,0.014518087364485158,0.870417684000131,0.015589783841189718,0.015575013222221159,0.9531859364158104,0.029064404277487386,0.4857821229651915
nonlinear,1210,pc,0.006,0.05,0.0,0.011224189509111374,0.8661530600002152,0.01487811538792063,0.010969066630107667,0.96116649129663,0.02424910650185035,0.4915850379898905
nonlinear,1211,pc,0.006,0.05,0.0,0.012159182407258037,0.9121315060001507,0.013694253973289794,0.012502368037738812,0.9594673338679379,0.02681664382895728,0.4179274904385668
nonlinear,1212,pc,0.006,0.05,0.0,0.007420165262533459,0.8213189659982163,0.01188525418913555,0.007624586795515591,0.9728686892565475,0.020680565095689944,0.32725561198804115
nonlinear,1213,pc,0.006,0.05,0.0,0.008828772176394037,0.881162678997498,0.012765857928153853,0.008810761901295996,0.9790779893021117,0.0288945181588235,0.5645608524665656
nonlinear,1214,pc,0.006,0.05,0.0,0.004878091516672583,0.8928859070001636,0.009508332855238952,0.004579191222253704,0.9836454683289606,0.01724874940776718,0.40572815789475847
nonlinear,1215,pc,0.006,0.05,0.0,0.008382108866048637,0.9670978399990418,0.012470577931580228,0.008850950426016916,0.973743407612007,0.026019124800845977,0.41231139727641075
nonlinear,1216,pc,0.006,0.05,0.0,0.008309513134312673,0.8385562139992544,0.011188918324428667,0.008454174612225633,0.9617602229202395,0.017295166251363136,0.3964935652814769
nonlinear,1217,pc,0.006,0.05,0.0,0.01174378938788564,0.8705052220029756,0.01377005624911517,0.011978726776947871,0.9618124215952936,0.02315928260844899,0.404892994596642
nonlinear,1218,pc,0.006,0.05,0.0,0.012161481887296993,0.8376657460030401,0.014363585574874162,0.011478371771981292,0.968388602389402,0.02921915180478225,0.43780976002017463
nonlinear,1219,pc,0.006,0.05,0.0,0.01245553283124868,0.8388059469980362,0.014665607321389194,0.012488494721192137,0.9528008543375441,0.02415971487189084,0.4011748545021209
nonlinear,1200,pcalm,0.003,0.05,0.2,0.013202756423512813,0.829572984999686,0.014093832221899043,0.01555685348661165,0.9538195044732461,0.03220803553456129,0.4341970820670758
nonlinear,1201,pcalm,0.003,0.05,0.2,0.01968753693840575,0.8570451840023452,0.016722511942718028,0.01809994733431018,0.9555746120907379,0.03749800435749629,0.43868341336705113
nonlinear,1202,pcalm,0.003,0.05,0.2,0.023354230236010673,0.9791941549992771,0.01694700116552622,0.021484197525142957,0.9210413295189216,0.030436012260341982,0.46222503837380774
nonlinear,1203,pcalm,0.003,0.05,0.2,0.020140085924806095,0.8510302590002539,0.01607725303734987,0.022077181474926877,0.9350833751639336,0.03672840867356925,0.4010165899007408
nonlinear,1204,pcalm,0.003,0.05,0.2,0.020594200513241182,0.8410564999976486,0.015675887232030932,0.01871767088861768,0.9181178724946594,0.02818360090077786,0.38645583729937
nonlinear,1205,pcalm,0.003,0.05,0.2,0.017538910950202578,0.8558407430027728,0.016501383107732474,0.01773457527290213,0.9448125398350306,0.0340753757273066,0.40871848588464416
nonlinear,1206,pcalm,0.003,0.05,0.2,0.022595974070503334,0.838375843999529,0.016552660637506454,0.02122528011357112,0.9219127849892554,0.032634169375030636,0.5358478256047619
nonlinear,1207,pcalm,0.003,0.05,0.2,0.013827634807127884,0.9257617049988767,0.014000668876760358,0.014504206204103675,0.9334806279681629,0.024790796647170345,0.372083209595268
nonlinear,1208,pcalm,0.003,0.05,0.2,0.015114423670922375,0.9685632879991317,0.012585128369317756,0.014088150201160091,0.9558663287044978,0.028792828049909208,0.4518682531538773
nonlinear,1209,pcalm,0.003,0.05,0.2,0.018318043267169598,0.8519713309979124,0.015703573684734278,0.019600108206522582,0.9410876447585904,0.03324081509455116,0.4857821229651915
nonlinear,1210,pcalm,0.003,0.05,0.2,0.01739577685242806,0.8608717600000091,0.015089785156539267,0.01708269449799851,0.9395225694368379,0.029772942716722563,0.4915850379898905
nonlinear,1211,pcalm,0.003,0.05,0.2,0.021322343056291423,0.8334169109984941,0.015458543613086316,0.02227704041393592,0.9277778546605779,0.03610832301839668,0.4179274904385668
nonlinear,1212,pcalm,0.003,0.05,0.2,0.011265474036496415,0.8269460599985905,0.012619658524899338,0.011866575987753059,0.9577740054354317,0.02498788006313818,0.32725561198804115
nonlinear,1213,pcalm,0.003,0.05,0.2,0.016490889441190246,0.8250605180001003,0.015132053017721435,0.01800814945578329,0.9572378984038089,0.03771818603889152,0.5645608524665656
nonlinear,1214,pcalm,0.003,0.05,0.2,0.01114417769178846,0.8322088719978638,0.01105094680399523,0.010109578535631695,0.9638937501586851,0.02216211839701453,0.40572815789475847
nonlinear,1215,pcalm,0.003,0.05,0.2,0.014884495800355085,0.845565384002839,0.014232077028625941,0.015510597038034377,0.9539873793751037,0.032338749145937186,0.41231139727641075
nonlinear,1216,pcalm,0.003,0.05,0.2,0.012561260209645009,0.8363080310009536,0.011670964992913242,0.012512126223661928,0.9434053660430964,0.021357750257778613,0.3964935652814769
nonlinear,1217,pcalm,0.003,0.05,0.2,0.01781340736695824,0.9267389449996699,0.014690677138837408,0.018193626191556806,0.9419996348866536,0.028346346097781586,0.404892994596642
nonlinear,1218,pcalm,0.003,0.05,0.2,0.018946572037898447,0.826324547000695,0.015274844145156471,0.018348520962606068,0.9494682344118557,0.03535837236592562,0.43780976002017463
nonlinear,1219,pcalm,0.003,0.05,0.2,0.016752031422804913,0.8744956539994746,0.014456668610380162,0.017291394885484767,0.9346487239553294,0.02854533159690073,0.4011748545021209
nonlinear,1200,shuffle,0.003,0.05,0.2,0.013227088000796175,0.8224825200013584,0.014096937289714154,0.01576045108138898,0.9532151253278769,0.032411505287949394,0.4341970820670758
nonlinear,1201,shuffle,0.003,0.05,0.2,0.019491855174684814,0.8584809280000627,0.01665413252024491,0.01803758489114341,0.9557276774934974,0.03737554027169652,0.43868341336705113
nonlinear,1202,shuffle,0.003,0.05,0.2,0.02347599391055696,0.8401960769988364,0.017071408421850766,0.021473257212860187,0.9210815373280093,0.0305251663626107,0.46222503837380774
nonlinear,1203,shuffle,0.003,0.05,0.2,0.019616945113552144,0.8589358789977268,0.01597911053249755,0.021885323871108326,0.935647520913389,0.03653785902513001,0.4010165899007408
nonlinear,1204,shuffle,0.003,0.05,0.2,0.020977807649869017,0.8355177810008172,0.01614560342654718,0.019161055292859653,0.9161782477123849,0.028546737805409925,0.38645583729937
nonlinear,1205,shuffle,0.003,0.05,0.2,0.017403305492704513,0.8389712879979925,0.0166413410987092,0.01762203205299608,0.9451627582287517,0.033972527236803295,0.40871848588464416
nonlinear,1206,shuffle,0.003,0.05,0.2,0.02247790334074939,0.8241929679970781,0.016509427672224786,0.02113231725455329,0.922254792761181,0.032506762080878736,0.5358478256047619
nonlinear,1207,shuffle,0.003,0.05,0.2,0.013785967792578117,1.0123794749997614,0.013853333749222835,0.014516415797317899,0.9334246321789453,0.024828105820526403,0.372083209595268
nonlinear,1208,shuffle,0.003,0.05,0.2,0.015456555739068711,0.8946353430001182,0.012904800728385842,0.014338673469359471,0.9550815193851255,0.0290372520849007,0.4518682531538773
nonlinear,1209,shuffle,0.003,0.05,0.2,0.01826423019606034,0.8861756420010352,0.015323101118014337,0.01956533635368799,0.9411921590666242,0.033152686368323546,0.4857821229651915
nonlinear,1210,shuffle,0.003,0.05,0.2,0.0173446025255001,0.9188086039976042,0.015115113034592469,0.017184743552063786,0.9391612877560122,0.029784770063957088,0.4915850379898905
nonlinear,1211,shuffle,0.003,0.05,0.2,0.021496484444804138,0.8212230009994528,0.015307524018880555,0.022428469824160153,0.9272869206464243,0.036254905505484915,0.4179274904385668
nonlinear,1212,shuffle,0.003,0.05,0.2,0.011144501880465271,0.8588898820016766,0.012586101118223756,0.011813677894335845,0.9579622378798551,0.025054587858641248,0.32725561198804115
nonlinear,1213,shuffle,0.003,0.05,0.2,0.016540577503752745,0.834668932002387,0.015037302409681604,0.01809893718619301,0.9570223141117637,0.03793965180251807,0.5645608524665656
nonlinear,1214,shuffle,0.003,0.05,0.2,0.01111462941079533,0.8412098370026797,0.010826699626100531,0.009992943426325996,0.9643103111836594,0.022112030933476468,0.40572815789475847
nonlinear,1215,shuffle,0.003,0.05,0.2,0.01471842571690987,0.8628950309976062,0.014209113467386634,0.015309797776183298,0.9545830560105457,0.032193217916797155,0.41231139727641075
nonlinear,1216,shuffle,0.003,0.05,0.2,0.01280121698181371,0.8800640640001802,0.011759819824759184,0.012785466665855843,0.9421689972601212,0.021671616550418982,0.3964935652814769
nonlinear,1217,shuffle,0.003,0.05,0.2,0.018119379915164043,0.9007042789999105,0.014836700157959532,0.01861202962599116,0.9406657857844261,0.028903252721847406,0.404892994596642
nonlinear,1218,shuffle,0.003,0.05,0.2,0.019012165868963756,0.822477688001527,0.015207502319361965,0.01843829736554121,0.9492209904973347,0.03537511280478111,0.43780976002017463
nonlinear,1219,shuffle,0.003,0.05,0.2,0.017053603623724586,0.8332846089979284,0.014524001039951755,0.017618605467722297,0.9334120609084116,0.028925049891314714,0.4011748545021209
nonlinear,1200,tp,0.003,0.05,0.2,0.013543241213141932,0.8324939390004147,0.01399134915625034,0.015891261618402003,0.9528268144509646,0.0325440580609346,0.4341970820670758
nonlinear,1201,tp,0.003,0.05,0.2,0.019505854136876718,0.887443682000594,0.016379350186072894,0.017846166722523257,0.9561975035231959,0.03719615648581794,0.43868341336705113
nonlinear,1202,tp,0.003,0.05,0.2,0.023591744635048758,0.9403222279979673,0.016769977104007825,0.021796445823453383,0.9198937553325589,0.030661189193924427,0.46222503837380774
nonlinear,1203,tp,0.003,0.05,0.2,0.01986464048683542,0.8582344870010274,0.015700557467344067,0.021535363986034294,0.9366765569156896,0.03605060584430623,0.4010165899007408
nonlinear,1204,tp,0.003,0.05,0.2,0.020073933426551,0.9327470640018873,0.01536542773342411,0.01839271569000044,0.9195394181113675,0.027998528778859017,0.38645583729937
nonlinear,1205,tp,0.003,0.05,0.2,0.017624121617831928,0.810616843002208,0.016187764133234316,0.01784360160366042,0.9444732654970175,0.034297997931725034,0.40871848588464416
nonlinear,1206,tp,0.003,0.05,0.2,0.022906888743160842,0.8388245060014015,0.016336584436177214,0.02154516988155689,0.9207359194327688,0.032876157392831735,0.5358478256047619
nonlinear,1207,tp,0.003,0.05,0.2,0.013701057683180464,1.0103316550012096,0.013623132010408334,0.014483154578324347,0.9335771751977999,0.02478402678319884,0.372083209595268
nonlinear,1208,tp,0.003,0.05,0.2,0.01503706677985243,0.9844475840000086,0.012473343412668914,0.014034680830359822,0.9560338311517022,0.028800470618971386,0.4518682531538773
nonlinear,1209,tp,0.003,0.05,0.2,0.018087543644930443,0.8103684100024111,0.015521119538029045,0.01938476272634106,0.9417349120743832,0.033013588336595734,0.4857821229651915
nonlinear,1210,tp,0.003,0.05,0.2,0.01740268080496629,0.9917399250007293,0.014770312127181428,0.017091367829407636,0.9394918634613778,0.029740240461974533,0.4915850379898905
nonlinear,1211,tp,0.003,0.05,0.2,0.021656752577989297,0.8412819080003828,0.01524197279903411,0.0227115380990994,0.9263692135491721,0.03646996846237153,0.4179274904385668
nonlinear,1212,tp,0.003,0.05,0.2,0.011303957813445745,0.8218426819985325,0.012388878586461483,0.011891041839570604,0.9576869462090019,0.025048606934446205,0.32725561198804115
nonlinear,1213,tp,0.003,0.05,0.2,0.016627553756966285,0.8373057179996977,0.01497346156607751,0.018160337796776616,0.9568765123926981,0.03784095912197847,0.5645608524665656
nonlinear,1214,tp,0.003,0.05,0.2,0.011215817286753834,0.8675822749974031,0.01085270891781011,0.009987061492487426,0.9643313184464228,0.0220318913991763,0.40572815789475847
nonlinear,1215,tp,0.003,0.05,0.2,0.01510006901942384,0.9148607940005604,0.014029605498571338,0.01575587644717699,0.9532597511366612,0.03255917883171423,0.41231139727641075
nonlinear,1216,tp,0.003,0.05,0.2,0.013031329145654053,0.8856402239980525,0.011782670125946583,0.012916316555443551,0.9415771392919275,0.021771599193737296,0.3964935652814769
nonlinear,1217,tp,0.003,0.05,0.2,0.01750054343159255,0.845243511001172,0.014252675955439466,0.01800155252379392,0.9426119560776912,0.028054612519416613,0.404892994596642
nonlinear,1218,tp,0.003,0.05,0.2,0.018795219887994236,0.8291280510020442,0.014947939895069165,0.018101981827705966,0.9501472023678269,0.03513366611453872,0.43780976002017463
nonlinear,1219,tp,0.003,0.05,0.2,0.016654014993415647,0.8720770399995672,0.014423083695028606,0.017208479753908146,0.9349620942581782,0.02848526596645799,0.4011748545021209
