seed,gain,method,steps,gradient_error,gradient_cosine,residual,fixed_point_distance,recurrence_error
42000,0.4,pc,8,0.5523012230630213,0.9602590404960332,2.6372492071410374,0.00502708038084588,4.941665103127493e-16
42000,0.4,pc,32,0.5457937284989,0.9590964820483473,2.6824648587917546,2.3596503407303574e-05,5.689293429352767e-16
42000,0.4,pc,128,0.5457895319947823,0.9590963060735687,2.6824741397101297,2.502879792307835e-12,5.573402398166046e-16
42000,0.4,pc,512,0.5457895319947034,0.9590963060735742,2.6824741397101954,6.027851785986891e-16,6.027851785986891e-16
42000,0.4,pc,4096,0.5457895319947034,0.9590963060735742,2.6824741397101954,6.027851785986891e-16,6.027851785986891e-16
42000,0.4,alm_exact,8,0.2833781538584971,0.9845352295278288,1.6509423991479064,0.22781072282058393,4.1980178838327637e-16
42000,0.4,alm_exact,32,0.011868815354711815,0.9999724766405805,0.07218817912272041,0.009177808528445266,3.47388393389308e-16
42000,0.4,alm_exact,128,1.50262850698854e-07,0.999999999999989,5.768435803864394e-07,5.8774644179971434e-08,3.3314556391699097e-16
42000,0.4,alm_exact,512,8.218835769117838e-16,0.9999999999999998,9.391953745581941e-16,4.2049718575446745e-16,4.2049704567015614e-16
42000,0.4,alm_exact,4096,8.290323310463806e-16,0.9999999999999998,9.38881321331955e-16,4.2041710993577416e-16,4.2041710993577416e-16
42000,0.4,alm_masked,8,0.28665595978747965,0.9825406891857028,1.6575032203646753,0.22842754583171113,3.944023800586396e-16
42000,0.4,alm_masked,32,0.06340144449169209,0.9979908220490789,0.07223585664861726,0.009230149083935924,3.4517578338973017e-16
42000,0.4,alm_masked,128,0.06319403085648326,0.9980250412560476,1.921057676507319e-07,2.3143378564350993e-08,3.572343264350575e-16
42000,0.4,alm_masked,512,0.06319401736350591,0.9980250422252529,7.41593778750825e-16,4.1684264123491417e-16,4.168426457373095e-16
42000,0.4,alm_masked,4096,0.06319401736350591,0.9980250422252529,7.411066785239372e-16,4.1675865376910043e-16,4.1675865376910043e-16
42000,0.8,pc,8,0.5580707815476712,0.9568460229353929,2.644132160912127,0.008537962300722693,4.066808290045856e-16
42000,0.8,pc,32,0.5503001943494553,0.9563084431009492,2.6917647745673774,0.00011813996005305969,5.216452363063631e-16
42000,0.8,pc,128,0.5502789207497106,0.9563072318756091,2.691825884740732,6.088507049661159e-11,5.279244763161853e-16
42000,0.8,pc,512,0.550278920746459,0.9563072318748647,2.6918258847534413,7.516136626264523e-16,7.516136626264418e-16
42000,0.8,pc,4096,0.550278920746459,0.9563072318748647,2.6918258847534413,7.516136626264523e-16,7.516136626264523e-16
42000,0.8,alm_exact,8,0.29197812786638017,0.9829953847324017,1.652655134450412,0.23001987422965195,4.3508102019874574e-16
42000,0.8,alm_exact,32,0.013176944837395819,0.99996181858594,0.07685905521003794,0.009782428770322444,3.9427158171156666e-16
42000,0.8,alm_exact,128,2.7678830229993026e-06,0.9999999999961721,9.856282713944247e-06,1.2998217113705582e-06,4.023821032567601e-16
42000,0.8,alm_exact,512,1.6815040706176251e-15,1.0,3.0441367264344694e-15,8.096718409710598e-16,4.586628969915622e-16
42000,0.8,alm_exact,4096,8.267572038485385e-16,0.9999999999999998,9.060572144501757e-16,4.677215001532287e-16,4.677215001532287e-16
42000,0.8,alm_masked,8,0.30768510983655517,0.9750615237988535,1.6665002623120668,0.22988967199725013,4.673309957347204e-16
42000,0.8,alm_masked,32,0.1299158953851315,0.9915331371174619,0.07376375757543843,0.009492168618288326,3.736220685421513e-16
42000,0.8,alm_masked,128,0.12998942315823506,0.9916101545957051,1.3509337382295765e-06,1.5538584587017037e-07,3.8755568857162387e-16
42000,0.8,alm_masked,512,0.12998934996494815,0.9916101643684282,9.463961948885024e-16,4.631236162267984e-16,4.631635743909763e-16
42000,0.8,alm_masked,4096,0.12998934996494818,0.9916101643684282,8.981580007263456e-16,4.660568644861518e-16,4.660568644861518e-16
42001,0.4,pc,8,0.6299187837962977,0.8896876607382469,3.727650410300619,0.009321866246268665,4.0506511468549174e-16
42001,0.4,pc,32,0.6256368392016379,0.8857274332870573,3.7973243432676993,4.84002926855762e-05,4.791888458510394e-16
42001,0.4,pc,128,0.625630398010588,0.8857244524726319,3.79734572399795,1.4013037521161638e-11,5.044870143613856e-16
42001,0.4,pc,512,0.6256303980099295,0.8857244524725715,3.79734572399848,5.007515964520003e-16,5.007515964520003e-16
42001,0.4,pc,4096,0.6256303980099295,0.8857244524725715,3.79734572399848,5.007515964520003e-16,5.007515964520003e-16
42001,0.4,alm_exact,8,0.3750388687633043,0.9558622269077139,2.3631015048581863,0.32163681114179965,3.7587049151065403e-16
42001,0.4,alm_exact,32,0.018598870655179966,0.9999116161702287,0.11024973397198423,0.013781383247612411,3.1304253526705135e-16
42001,0.4,alm_exact,128,3.6770581759411957e-07,0.9999999999999326,1.3364468218814601e-06,2.2517214480018318e-07,3.324415765259928e-16
42001,0.4,alm_exact,512,6.09567692984144e-16,0.9999999999999999,8.570587382375211e-16,3.815208613785564e-16,3.815256509727602e-16
42001,0.4,alm_exact,4096,6.363625631797899e-16,0.9999999999999999,8.49837472194074e-16,3.804786353118025e-16,3.804786353118025e-16
42001,0.4,alm_masked,8,0.38063016238466246,0.9548487898196549,2.351383447106352,0.31865888021029476,3.9769032165335666e-16
42001,0.4,alm_masked,32,0.08012972534574717,0.9969613670261801,0.10706796426171127,0.013471346170744835,2.8817273340412527e-16
42001,0.4,alm_masked,128,0.0776582021058652,0.9970015649449447,5.668478498347128e-07,6.009454342064685e-08,2.9098773656445557e-16
42001,0.4,alm_masked,512,0.07765819122347133,0.9970015655491281,1.6656958984559162e-15,4.115482864269266e-16,4.115482794048525e-16
42001,0.4,alm_masked,4096,0.07765819122347133,0.9970015655491281,1.672158258512034e-15,4.1877558633834313e-16,4.1877558633834313e-16
42001,0.8,pc,8,0.6444102884499826,0.8814608678961731,3.7153872673161983,0.01700928138158588,4.0310058910892676e-16
42001,0.8,pc,32,0.6376780300308172,0.8772562827918441,3.796074614112094,0.0003160094173763468,4.880786012933386e-16
42001,0.8,pc,128,0.6376466860062449,0.8772344047003697,3.796208970332095,9.222602149976798e-09,4.950246363940394e-16
42001,0.8,pc,512,0.6376466854994495,0.8772344045674298,3.796208971064444,5.881221646633104e-16,5.881221646578564e-16
42001,0.8,pc,4096,0.6376466854994495,0.8772344045674298,3.796208971064444,5.881221646633104e-16,5.881221646633104e-16
42001,0.8,alm_exact,8,0.39824838416240615,0.9485448795366678,2.382709125047675,0.3366537010878134,3.9424313666365006e-16
42001,0.8,alm_exact,32,0.025054021316848262,0.9998128378565936,0.13184143951564783,0.017334864308656793,3.5192404258990304e-16
42001,0.8,alm_exact,128,8.918672151207097e-06,0.9999999999612478,7.439688387747128e-05,9.235151975472665e-06,3.8900746823018745e-16
42001,0.8,alm_exact,512,9.68071392931617e-15,1.0000000000000002,1.8824448015202908e-14,3.506646237472481e-15,3.3144113125167915e-16
42001,0.8,alm_exact,4096,6.864317461939877e-16,1.0,1.5938776745386055e-15,3.7363497989105063e-16,3.7363497989105063e-16
42001,0.8,alm_masked,8,0.4154620554847162,0.94246584927932,2.361190191885043,0.32863850397137495,3.7648223346607466e-16
42001,0.8,alm_masked,32,0.15654822573172833,0.9879659812753881,0.12172784287811893,0.016245903489578897,2.764376156999528e-16
42001,0.8,alm_masked,128,0.15456954201795295,0.9880317494049408,3.025402828261827e-06,5.009278153341387e-07,3.057595377674238e-16
42001,0.8,alm_masked,512,0.1545697382559846,0.9880317173079812,1.7709547193357019e-15,3.6459453769416963e-16,3.647379532072537e-16
42001,0.8,alm_masked,4096,0.1545697382559846,0.9880317173079812,1.7566505780588377e-15,3.635355035816747e-16,3.635355035816747e-16
42002,0.4,pc,8,0.5987204298241677,0.9318938048194021,2.854165621064815,0.007514294295878508,4.336754552157585e-16
42002,0.4,pc,32,0.5945852846224605,0.929490781853778,2.9068270071292894,5.614089277097833e-05,5.171269574290281e-16
42002,0.4,pc,128,0.5945890881609426,0.9294890481641437,2.9068457550416733,2.4756413970034256e-11,5.127775667202871e-16
42002,0.4,pc,512,0.5945890881618678,0.9294890481640634,2.9068457550428777,5.92678126021334e-16,5.92678126021334e-16
42002,0.4,pc,4096,0.5945890881618678,0.9294890481640634,2.9068457550428777,5.92678126021334e-16,5.92678126021334e-16
42002,0.4,alm_exact,8,0.3359912734268077,0.9735387109571298,1.8055935668683463,0.27141419169976394,5.370025342540722e-16
42002,0.4,alm_exact,32,0.01486028868535521,0.9999481009211078,0.08324865897827294,0.011461517852915097,5.21983119846903e-16
42002,0.4,alm_exact,128,6.088913128915423e-07,0.999999999999815,1.2971402620964938e-06,2.694874052811818e-07,5.437073311761371e-16
42002,0.4,alm_exact,512,9.031680966911016e-16,0.9999999999999998,8.6609100480318695e-16,5.67644836038878e-16,5.676528840653276e-16
42002,0.4,alm_exact,4096,9.099728939888877e-16,0.9999999999999998,8.674242010309942e-16,5.690204936382265e-16,5.690204936382265e-16
42002,0.4,alm_masked,8,0.33754034046688897,0.9720522194001875,1.7997711058775427,0.2694260383843567,5.227726983337412e-16
42002,0.4,alm_masked,32,0.06369063430436125,0.9980599887616756,0.08127592337580755,0.011237543348861736,4.4067501984438644e-16
42002,0.4,alm_masked,128,0.061530971326746585,0.9981079631331153,3.838040876744239e-07,4.4291087902870194e-08,4.580385828292656e-16
42002,0.4,alm_masked,512,0.06153096707573511,0.9981079633389343,9.582533953475736e-16,5.048064801668772e-16,5.048064952886984e-16
42002,0.4,alm_masked,4096,0.06153096707573509,0.9981079633389345,9.836429109547156e-16,5.041801708391235e-16,5.041801708391235e-16
42002,0.8,pc,8,0.6221326706315128,0.9204028427406968,2.9292217969141077,0.0167441510711158,4.2029386957398244e-16
42002,0.8,pc,32,0.6178880703052362,0.9182039739390081,2.9934648970084097,0.0006690414251133297,5.243685053292201e-16
42002,0.8,pc,128,0.6179159810360836,0.9181894162071148,2.9936456219080356,3.197793193937189e-08,5.447488768426894e-16
42002,0.8,pc,512,0.6179159821374828,0.9181894158837827,2.9936456250603727,8.4261819267665495e-16,8.426181925290647e-16
42002,0.8,pc,4096,0.6179159821374828,0.9181894158837827,2.9936456250603727,8.426080291688236e-16,8.426080291688236e-16
42002,0.8,alm_exact,8,0.36938412370494134,0.9668493834756142,1.8806418053837728,0.29075359669800044,4.067962658164447e-16
42002,0.8,alm_exact,32,0.0204507938773213,0.9998689521021111,0.1058432672116155,0.015119905648967882,3.876749153562421e-16
42002,0.8,alm_exact,128,3.3158104657521165e-05,0.9999999994503269,2.8883399470907282e-05,1.6310368915085192e-05,4.078409207354934e-16
42002,0.8,alm_exact,512,2.4353719175702363e-14,1.0,1.1254509865517023e-13,2.0730748897604256e-14,4.004319255645911e-16
42002,0.8,alm_exact,4096,7.771922211166378e-16,1.0,8.654488459664523e-16,4.4166199382085637e-16,4.4166199382085637e-16
42002,0.8,alm_masked,8,0.3790715444429388,0.9598037918423576,1.8650492181749438,0.28190045906520744,4.133119459015556e-16
42002,0.8,alm_masked,32,0.1403991438078703,0.9903523210117515,0.09277490215511025,0.012918902759169378,3.618643212064485e-16
42002,0.8,alm_masked,128,0.1385484392782156,0.990409873174254,4.9536988734494435e-06,5.629018088419248e-07,3.695775617739974e-16
42002,0.8,alm_masked,512,0.13854834593554108,0.9904098868196489,9.419340956995691e-16,4.453083664259103e-16,4.451591759844631e-16
42002,0.8,alm_masked,4096,0.13854834593554108,0.9904098868196493,9.484290400640597e-16,4.41852742248856e-16,4.41852742248856e-16
42003,0.4,pc,8,0.5956246819489879,0.9564487132601566,3.101913256517719,0.007449948426026778,4.210739574567431e-16
42003,0.4,pc,32,0.5908563850416815,0.9548446158021375,3.154194239306197,9.488285358763676e-05,4.864034731094241e-16
42003,0.4,pc,128,0.5908520996847777,0.9548421059614154,3.1542167693194183,4.992139783288e-11,4.648728590844842e-16
42003,0.4,pc,512,0.5908520996829539,0.9548421059606348,3.154216769325858,5.003688162346228e-16,5.003688162346228e-16
42003,0.4,pc,4096,0.5908520996829539,0.9548421059606348,3.154216769325858,5.003694128208311e-16,5.003694128208311e-16
42003,0.4,alm_exact,8,0.3205661600134231,0.9845291611256465,1.9329001418845349,0.2667644046855188,3.531482191051947e-16
42003,0.4,alm_exact,32,0.013378190058768181,0.9999738880074872,0.08405889488509838,0.010677795855339572,3.0865183897344116e-16
42003,0.4,alm_exact,128,1.1330673250823388e-06,0.9999999999993588,2.505471611911282e-06,6.416403856231939e-07,3.0386560548614293e-16
42003,0.4,alm_exact,512,6.019094573558819e-16,0.9999999999999997,1.2305732676371097e-15,3.588425837740259e-16,3.588453326992472e-16
42003,0.4,alm_exact,4096,5.946223859949531e-16,0.9999999999999997,1.2304950117853527e-15,3.5598003157046514e-16,3.5598003157046514e-16
42003,0.4,alm_masked,8,0.3219521162542889,0.9829150879575105,1.9378145182491682,0.26670668942441716,3.24732365784724e-16
42003,0.4,alm_masked,32,0.05682444998480704,0.99842174679258,0.08307924671162625,0.010629738915193735,2.978112939233994e-16
42003,0.4,alm_masked,128,0.05550498164634571,0.9984614172050253,1.886615234579806e-07,2.3597440842081538e-08,3.352050608660279e-16
42003,0.4,alm_masked,512,0.055504981301187487,0.9984614172708562,7.415207341150723e-16,3.7023295876937217e-16,3.702329567006024e-16
42003,0.4,alm_masked,4096,0.055504981301187487,0.9984614172708562,7.406111315403549e-16,3.695151532956908e-16,3.695151532956908e-16
42003,0.8,pc,8,0.5935031542021836,0.9557802040430511,3.0674138656396557,0.014459462627942366,3.702530040767412e-16
42003,0.8,pc,32,0.5874193823578552,0.9544706044084539,3.1220001393324495,0.0007949061072248909,4.511669278021869e-16
42003,0.8,pc,128,0.587361254919919,0.954446202419035,3.1222032222402585,2.7643840479074266e-08,4.386752693200635e-16
42003,0.8,pc,512,0.5873612530383906,0.954446201668565,3.122203227687443,6.007789577999561e-16,6.007789577739231e-16
42003,0.8,pc,4096,0.5873612530383906,0.954446201668565,3.122203227687443,6.007814392897223e-16,6.007814392897223e-16
42003,0.8,alm_exact,8,0.3204306992390696,0.9836874534991172,1.9029670687629956,0.26565930889265715,4.044967380712357e-16
42003,0.8,alm_exact,32,0.014955660276383217,0.9999424189568235,0.08821453731799106,0.011624347621871754,3.6290168807612305e-16
42003,0.8,alm_exact,128,2.585918957421707e-05,0.999999999665711,0.00012017218899719851,1.9947950862222287e-05,3.651479548848106e-16
42003,0.8,alm_exact,512,2.1105153402425993e-14,0.9999999999999998,7.449628908123422e-14,8.932338004102452e-15,3.23459803643851e-16
42003,0.8,alm_exact,4096,6.583809478158536e-16,0.9999999999999997,7.615732418830221e-16,3.602550046154449e-16,3.602550046154449e-16
42003,0.8,alm_masked,8,0.3292245914321181,0.9776199200735005,1.9121928141233635,0.26371516806732265,3.4674311917835435e-16
42003,0.8,alm_masked,32,0.11531571714667858,0.9933394753541459,0.08295216345954808,0.010680251354788634,3.9562087943493523e-16
42003,0.8,alm_masked,128,0.1151551605990962,0.9933647651558762,1.1623215231826763e-06,1.2849141157474808e-07,3.877869779984988e-16
42003,0.8,alm_masked,512,0.11515508035386147,0.993364774548819,8.91803100765359e-16,3.9475859107966e-16,3.9472953340673634e-16
42003,0.8,alm_masked,4096,0.11515508035386149,0.993364774548819,8.909388455888538e-16,3.9568718134978034e-16,3.9568718134978034e-16
42004,0.4,pc,8,0.687973563934119,0.8248200377475247,5.2201390763547035,0.012174644373505489,4.338219058313234e-16
42004,0.4,pc,32,0.6880622107005928,0.8187575173658246,5.308328892525739,8.391196193674711e-05,5.018569410299345e-16
42004,0.4,pc,128,0.688068871043799,0.818752643396713,5.308352957570213,3.622367695188489e-11,5.258647991150106e-16
42004,0.4,pc,512,0.6880688710453321,0.8187526433957484,5.30835295757245,5.688809577962073e-16,5.688809577962073e-16
42004,0.4,pc,4096,0.6880688710453321,0.8187526433957484,5.30835295757245,5.688809577962073e-16,5.688809577962073e-16
42004,0.4,alm_exact,8,0.42822970570812546,0.9378336453253832,3.2548891326735157,0.38834624900052644,5.401098182673944e-16
42004,0.4,alm_exact,32,0.01911586012098194,0.9999086583796086,0.14208622608257673,0.01566700620115907,3.6547096078911706e-16
42004,0.4,alm_exact,128,5.091946367882581e-07,0.9999999999998738,3.7659270640755453e-06,4.920830363573377e-07,3.653635942191526e-16
42004,0.4,alm_exact,512,5.926924699815116e-16,1.0,1.2524608140458316e-15,3.765159332484783e-16,3.7651309134009966e-16
42004,0.4,alm_exact,4096,5.926540645603199e-16,1.0,1.2554174289877604e-15,3.771930294286924e-16,3.771930294286924e-16
42004,0.4,alm_masked,8,0.43154965544224544,0.93358846548384,3.2591209958032543,0.38698590151333473,4.015662908555966e-16
42004,0.4,alm_masked,32,0.0773572256086526,0.9970319672109155,0.13915348401904903,0.015364924765074738,3.369673648226004e-16
42004,0.4,alm_masked,128,0.07520909501425468,0.997188260025151,8.273054603663426e-07,7.200312011379093e-08,3.434237373684515e-16
42004,0.4,alm_masked,512,0.07520909573960465,0.9971882601801642,1.5315908837550258e-15,3.8627988195056194e-16,3.8627987363643185e-16
42004,0.4,alm_masked,4096,0.07520909573960465,0.9971882601801642,1.5473227760563857e-15,3.860927416517551e-16,3.860927416517551e-16
42004,0.8,pc,8,0.687233355214792,0.8271207765492717,5.217751632737281,0.02098014604152763,4.31074082493149e-16
42004,0.8,pc,32,0.6877935414482996,0.8209311945668666,5.310709044528819,0.0003834185893852107,5.249466487250297e-16
42004,0.8,pc,128,0.6878216473728881,0.8209065745584319,5.310853396152348,8.032066362677803e-09,5.082215792625333e-16
42004,0.8,pc,512,0.6878216478217993,0.8209065743047627,5.310853396778611,6.238920928113009e-16,6.238920928010594e-16
42004,0.8,pc,4096,0.6878216478217993,0.8209065743047627,5.310853396778611,6.238832894527713e-16,6.238832894527713e-16
42004,0.8,alm_exact,8,0.42833458898715615,0.938876054892072,3.2383752300227253,0.39058913673728307,4.710477813820178e-16
42004,0.8,alm_exact,32,0.020531369659442602,0.9998583047196037,0.15565992437302315,0.01762128843936978,4.520035856016366e-16
42004,0.8,alm_exact,128,1.7816325768951928e-05,0.9999999998431038,0.00011708395778209337,1.131373563614473e-05,3.9833459947100547e-16
42004,0.8,alm_exact,512,1.0507587300882929e-14,1.0,2.281459941576086e-14,5.688932417261545e-15,4.554269689636629e-16
42004,0.8,alm_exact,4096,7.539378686660676e-16,0.9999999999999998,2.0030761161938488e-15,6.114045528101654e-16,6.114045528101654e-16
42004,0.8,alm_masked,8,0.44125685651086377,0.9259536612975602,3.249636188498291,0.38391288180368016,4.159771747567458e-16
42004,0.8,alm_masked,32,0.15951057292302356,0.9872048044968478,0.1378593538124755,0.015261740558111732,3.365444819128449e-16
42004,0.8,alm_masked,128,0.15871162407934336,0.9874733119260949,4.584256799731496e-06,8.815290470385008e-07,3.5927622128441404e-16
42004,0.8,alm_masked,512,0.15871164711720115,0.9874733064708483,1.1801985824373287e-15,4.441314298433004e-16,4.4407582790575526e-16
42004,0.8,alm_masked,4096,0.15871164711720112,0.9874733064708483,1.2117611760603077e-15,4.442200886009352e-16,4.442200886009352e-16
